,state,year,totals,pct
0,Alabama,1998,36568,
1,Alabama,1999,246756,5.747866987530081
2,Alabama,2000,221911,-0.1006865081294882
3,Alabama,2001,230187,0.0372942305699131
4,Alabama,2002,221008,-0.0398762745072484
5,Alabama,2003,225479,0.020230036921740302
6,Alabama,2004,229997,0.020037342723712603
7,Alabama,2005,235873,0.025548159323817377
8,Alabama,2006,243176,0.030961576780725197
9,Alabama,2007,245355,0.008960588215942256
10,Alabama,2008,299432,0.220403089401072
11,Alabama,2009,317868,0.06156990568810272
12,Alabama,2010,308607,-0.02913473517309073
13,Alabama,2011,336102,0.08909389612030827
14,Alabama,2012,431356,0.28340801304365937
15,Alabama,2013,563880,0.30722651359897624
16,Alabama,2014,621305,0.10183904376817754
17,Alabama,2015,737509,0.18703213397606655
18,Alabama,2016,616947,-0.1634719033937213
19,Alabama,2017,477345,-0.2262787565220351
20,Alabama,2018,474294,-0.006391603557175607
21,Alabama,2019,690084,0.45497096737466625
22,Alabama,2020,538460,-0.219718179236151
23,Alaska,1998,3985,
24,Alaska,1999,43073,9.808782936010038
25,Alaska,2000,39959,-0.07229586980242841
26,Alaska,2001,39959,0.0
27,Alaska,2002,36793,-0.0792312119922921
28,Alaska,2003,37059,0.007229636072078938
29,Alaska,2004,40504,0.09295987479424705
30,Alaska,2005,44514,0.09900256764763982
31,Alaska,2006,47037,0.05667879768162831
32,Alaska,2007,49604,0.0545740587197312
33,Alaska,2008,61729,0.24443593258608187
34,Alaska,2009,60780,-0.015373649338236484
35,Alaska,2010,65909,0.08438631128660745
36,Alaska,2011,70198,0.06507457251665172
37,Alaska,2012,85342,0.21573264195561137
38,Alaska,2013,93405,0.09447868575847762
39,Alaska,2014,87623,-0.06190246774797925
40,Alaska,2015,85621,-0.022847882405304554
41,Alaska,2016,87647,0.023662419266301526
42,Alaska,2017,80839,-0.07767521991625492
43,Alaska,2018,78761,-0.02570541446579
44,Alaska,2019,76923,-0.02333642284887194
45,Alaska,2020,46614,-0.394017394017394
46,Arizona,1998,17453,
47,Arizona,1999,173548,8.943734601501175
48,Arizona,2000,148263,-0.14569456288750082
49,Arizona,2001,147582,-0.004593189130126851
50,Arizona,2002,142260,-0.036061308289628835
51,Arizona,2003,145719,0.02431463517503163
52,Arizona,2004,155719,0.0686252307523385
53,Arizona,2005,176649,0.13440877478021318
54,Arizona,2006,204178,0.15584011231311812
55,Arizona,2007,192071,-0.0592963002870045
56,Arizona,2008,208721,0.08668669398295425
57,Arizona,2009,215379,0.03189904226215856
58,Arizona,2010,206050,-0.04331434355252828
59,Arizona,2011,251477,0.22046590633341423
60,Arizona,2012,339663,0.35067222847417456
61,Arizona,2013,363036,0.06881232280230698
62,Arizona,2014,310672,-0.14423913881818884
63,Arizona,2015,331442,0.06685507544934843
64,Arizona,2016,416279,0.255963335968284
65,Arizona,2017,384930,-0.07530766625268148
66,Arizona,2018,377838,-0.018424129062426964
67,Arizona,2019,372912,-0.013037333460371947
68,Arizona,2020,338234,-0.09299244862058609
69,Arkansas,1998,21752,
70,Arkansas,1999,184616,7.487311511585142
71,Arkansas,2000,169628,-0.08118472938423538
72,Arkansas,2001,166062,-0.021022472704977924
73,Arkansas,2002,153424,-0.07610410569546311
74,Arkansas,2003,150249,-0.020694285118364797
75,Arkansas,2004,158366,0.05402365406758114
76,Arkansas,2005,164001,0.035582132528446664
77,Arkansas,2006,170129,0.03736562581935465
78,Arkansas,2007,169824,-0.0017927572606668551
79,Arkansas,2008,191799,0.12939867156585638
80,Arkansas,2009,209842,0.09407244041939733
81,Arkansas,2010,191448,-0.08765642721666778
82,Arkansas,2011,206228,0.07720111988633982
83,Arkansas,2012,246193,0.19379036794227744
84,Arkansas,2013,279736,0.1362467657488231
85,Arkansas,2014,234282,-0.16248891812280153
86,Arkansas,2015,257346,0.09844546315978175
87,Arkansas,2016,266014,0.03368227988777761
88,Arkansas,2017,237629,-0.10670491026788065
89,Arkansas,2018,248439,0.04549108063409779
90,Arkansas,2019,221344,-0.10906097673875681
91,Arkansas,2020,159506,-0.2793750903570912
92,California,1998,67445,
93,California,1999,883144,12.094284231596115
94,California,2000,794506,-0.10036641816057179
95,California,2001,854569,0.07559791870671839
96,California,2002,684390,-0.19914015135114893
97,California,2003,524431,-0.23372492292406377
98,California,2004,548843,0.046549498408751555
99,California,2005,611022,0.1132910504461202
100,California,2006,617820,0.011125622318018058
101,California,2007,855943,0.38542455731442815
102,California,2008,780398,-0.08825938175789738
103,California,2009,788164,0.009951332525198753
104,California,2010,816399,0.03582376256718134
105,California,2011,905701,0.10938523932537891
106,California,2012,1132603,0.25052638784764514
107,California,2013,1368295,0.20809762997272663
108,California,2014,1474616,0.07770327305149838
109,California,2015,1761079,0.19426277756378618
110,California,2016,2377167,0.34983552696954545
111,California,2017,1570110,-0.33950370335782043
112,California,2018,1297132,-0.17385915636484073
113,California,2019,1240632,-0.04355763330177653
114,California,2020,748665,-0.3965454703731647
115,Colorado,1998,23798,
116,Colorado,1999,257308,9.812169089839482
117,Colorado,2000,307512,0.19511247221229033
118,Colorado,2001,348696,0.13392648091781778
119,Colorado,2002,183754,-0.47302521393993624
120,Colorado,2003,181257,-0.013588819835214427
121,Colorado,2004,194191,0.07135724413401956
122,Colorado,2005,206287,0.06228918950929763
123,Colorado,2006,214749,0.04102051995520806
124,Colorado,2007,221737,0.03254031450670314
125,Colorado,2008,285521,0.28765609708799156
126,Colorado,2009,313641,0.09848662620262605
127,Colorado,2010,300820,-0.040877946441951196
128,Colorado,2011,336296,0.1179309886310751
129,Colorado,2012,414838,0.2335502057711063
130,Colorado,2013,514658,0.2406240508343016
131,Colorado,2014,413284,-0.19697352416556235
132,Colorado,2015,454062,0.09866822814335907
133,Colorado,2016,540514,0.19039690614938043
134,Colorado,2017,496995,-0.08051410324246921
135,Colorado,2018,524770,0.05588587410336121
136,Colorado,2019,469535,-0.10525563580235153
137,Colorado,2020,328241,-0.30092325385753993
138,Connecticut,1998,6870,
139,Connecticut,1999,87209,11.694177583697234
140,Connecticut,2000,87586,0.004322948319554154
141,Connecticut,2001,89689,0.02401068663941719
142,Connecticut,2002,93598,0.04358394005953903
143,Connecticut,2003,100567,0.07445671916066576
144,Connecticut,2004,100916,0.0034703232670756368
145,Connecticut,2005,97599,-0.032868920686511593
146,Connecticut,2006,97616,0.00017418211252162585
147,Connecticut,2007,116112,0.18947713489591878
148,Connecticut,2008,155885,0.3425399614165634
149,Connecticut,2009,202454,0.29873945536773894
150,Connecticut,2010,179595,-0.11290959921760002
151,Connecticut,2011,186068,0.03604220607477937
152,Connecticut,2012,237496,0.27639357654190944
153,Connecticut,2013,294338,0.2393387678108263
154,Connecticut,2014,270297,-0.08167820668754966
155,Connecticut,2015,307750,0.1385623961790179
156,Connecticut,2016,317692,0.03230544272948821
157,Connecticut,2017,181779,-0.42781373153872304
158,Connecticut,2018,177690,-0.022494347531893166
159,Connecticut,2019,172935,-0.02676008779334793
160,Connecticut,2020,97785,-0.43455633619568046
161,Delaware,1998,2135,
162,Delaware,1999,17594,7.240749414519906
163,Delaware,2000,15347,-0.1277139934068432
164,Delaware,2001,16619,0.08288264807454215
165,Delaware,2002,16388,-0.013899753294422057
166,Delaware,2003,16361,-0.001647546985599213
167,Delaware,2004,16424,0.0038506203777275427
168,Delaware,2005,17121,0.04243789576229906
169,Delaware,2006,16698,-0.024706500788505337
170,Delaware,2007,15912,-0.047071505569529326
171,Delaware,2008,18102,0.13763197586726994
172,Delaware,2009,20530,0.13412882554413885
173,Delaware,2010,19240,-0.06283487579152458
174,Delaware,2011,22490,0.16891891891891886
175,Delaware,2012,30724,0.366118274788795
176,Delaware,2013,40062,0.3039317797161827
177,Delaware,2014,42950,0.0720882631920523
178,Delaware,2015,50416,0.1738300349243307
179,Delaware,2016,59430,0.17879244684227236
180,Delaware,2017,50639,-0.14792192495372702
181,Delaware,2018,47723,-0.057584075514919286
182,Delaware,2019,46427,-0.02715671688703558
183,Delaware,2020,35710,-0.23083550520171447
184,District of Columbia,1998,0,
185,District of Columbia,1999,21,inf
186,District of Columbia,2000,17,-0.19047619047619047
187,District of Columbia,2001,17,0.0
188,District of Columbia,2002,7,-0.5882352941176471
189,District of Columbia,2003,11,0.5714285714285714
190,District of Columbia,2004,14,0.2727272727272727
191,District of Columbia,2005,20,0.4285714285714286
192,District of Columbia,2006,252,11.6
193,District of Columbia,2007,136,-0.46031746031746035
194,District of Columbia,2008,259,0.9044117647058822
195,District of Columbia,2009,369,0.42471042471042475
196,District of Columbia,2010,349,-0.054200542005420016
197,District of Columbia,2011,300,-0.1404011461318052
198,District of Columbia,2012,449,0.4966666666666666
199,District of Columbia,2013,497,0.10690423162583529
200,District of Columbia,2014,512,0.030181086519114775
201,District of Columbia,2015,742,0.44921875
202,District of Columbia,2016,875,0.179245283018868
203,District of Columbia,2017,1540,0.76
204,District of Columbia,2018,3244,1.1064935064935066
205,District of Columbia,2019,5926,0.8267570900123304
206,District of Columbia,2020,3896,-0.3425582180222747
207,Florida,1998,32341,
208,Florida,1999,279700,7.648464797006895
209,Florida,2000,266035,-0.0488559170539864
210,Florida,2001,303396,0.1404364087432104
211,Florida,2002,288848,-0.04795053329641785
212,Florida,2003,298181,0.03231111172658285
213,Florida,2004,318024,0.06654682893946973
214,Florida,2005,370645,0.16546235504238682
215,Florida,2006,411728,0.11084191072319882
216,Florida,2007,426180,0.035100843275172044
217,Florida,2008,503672,0.18182927401567417
218,Florida,2009,556540,0.10496513604091562
219,Florida,2010,559347,0.005043662629820034
220,Florida,2011,643229,0.14996415463030988
221,Florida,2012,834319,0.29707926725940537
222,Florida,2013,1073859,0.28710840817481076
223,Florida,2014,1034546,-0.03660908927522144
224,Florida,2015,1147082,0.10877815002909497
225,Florida,2016,1435340,0.2512967686704177
226,Florida,2017,1276549,-0.11062953725249769
227,Florida,2018,1203145,-0.05750190552810741
228,Florida,2019,1195539,-0.0063217650407889625
229,Florida,2020,873391,-0.269458378187579
230,Georgia,1998,3819,
231,Georgia,1999,409810,106.30819586279131
232,Georgia,2000,352357,-0.1401942363534321
233,Georgia,2001,325521,-0.07616139313253323
234,Georgia,2002,285201,-0.12386297658215595
235,Georgia,2003,282218,-0.010459290114691044
236,Georgia,2004,232203,-0.17722115527712623
237,Georgia,2005,257815,0.11030003918984677
238,Georgia,2006,311901,0.20978608692279344
239,Georgia,2007,270468,-0.13284022814931662
240,Georgia,2008,367374,0.35829007498114374
241,Georgia,2009,373237,0.01595921322684779
242,Georgia,2010,333247,-0.10714371833446312
243,Georgia,2011,367894,0.10396792769327257
244,Georgia,2012,465560,0.26547320695635146
245,Georgia,2013,527885,0.13387103703067282
246,Georgia,2014,484580,-0.08203491290716725
247,Georgia,2015,566946,0.16997399810144875
248,Georgia,2016,612985,0.08120526469893075
249,Georgia,2017,541655,-0.11636500077489664
250,Georgia,2018,549532,0.01454246706852147
251,Georgia,2019,539113,-0.018959769403783633
252,Georgia,2020,413906,-0.23224630086827813
253,Guam,1998,9,
254,Guam,1999,170,17.88888888888889
255,Guam,2000,279,0.6411764705882352
256,Guam,2001,328,0.17562724014336917
257,Guam,2002,304,-0.07317073170731703
258,Guam,2003,379,0.24671052631578938
259,Guam,2004,439,0.158311345646438
260,Guam,2005,408,-0.07061503416856496
261,Guam,2006,348,-0.1470588235294118
262,Guam,2007,441,0.26724137931034475
263,Guam,2008,447,0.013605442176870763
264,Guam,2009,510,0.14093959731543615
265,Guam,2010,542,0.06274509803921569
266,Guam,2011,511,-0.05719557195571956
267,Guam,2012,930,0.8199608610567515
268,Guam,2013,1331,0.4311827956989247
269,Guam,2014,2060,0.5477084898572502
270,Guam,2015,2066,0.002912621359223211
271,Guam,2016,2123,0.02758954501452071
272,Guam,2017,1815,-0.14507772020725385
273,Guam,2018,1858,0.02369146005509637
274,Guam,2019,2397,0.290096878363832
275,Guam,2020,1692,-0.2941176470588235
276,Hawaii,1998,431,
277,Hawaii,1999,5343,11.39675174013921
278,Hawaii,2000,6609,0.2369455362156092
279,Hawaii,2001,7464,0.1293690422151612
280,Hawaii,2002,7807,0.04595391211146849
281,Hawaii,2003,7439,-0.047137184577942914
282,Hawaii,2004,7298,-0.018954160505444295
283,Hawaii,2005,7575,0.037955604275143884
284,Hawaii,2006,7588,0.0017161716171616437
285,Hawaii,2007,6521,-0.14061676331049022
286,Hawaii,2008,8569,0.3140622603895109
287,Hawaii,2009,10511,0.2266308787489788
288,Hawaii,2010,10533,0.0020930453810295013
289,Hawaii,2011,12635,0.19956327731890244
290,Hawaii,2012,17428,0.37934309457855164
291,Hawaii,2013,17416,-0.0006885471654808351
292,Hawaii,2014,15225,-0.12580385852090037
293,Hawaii,2015,15290,0.0042692939244664
294,Hawaii,2016,16681,0.09097449313276651
295,Hawaii,2017,12742,-0.23613692224686766
296,Hawaii,2018,14088,0.10563490817768018
297,Hawaii,2019,12666,-0.10093696763202731
298,Hawaii,2020,9261,-0.26882993841781144
299,Idaho,1998,7339,
300,Idaho,1999,79914,9.8889494481537
301,Idaho,2000,77138,-0.03473734264334161
302,Idaho,2001,75400,-0.022531048251186236
303,Idaho,2002,74062,-0.017745358090185626
304,Idaho,2003,74669,0.008195835921255057
305,Idaho,2004,75553,0.011838915748168644
306,Idaho,2005,80343,0.06339920320834391
307,Idaho,2006,91018,0.1328678291823806
308,Idaho,2007,93897,0.031631105935089776
309,Idaho,2008,100457,0.06986378691544992
310,Idaho,2009,99243,-0.012084772589267101
311,Idaho,2010,92031,-0.07267011275354429
312,Idaho,2011,106616,0.15847920809292515
313,Idaho,2012,136482,0.2801268102348615
314,Idaho,2013,147494,0.08068463240573842
315,Idaho,2014,131742,-0.10679756464669754
316,Idaho,2015,136946,0.03950144980340364
317,Idaho,2016,156343,0.14163977042045772
318,Idaho,2017,182099,0.164740346545736
319,Idaho,2018,207320,0.13850158430304393
320,Idaho,2019,209275,0.009429866872467718
321,Idaho,2020,138360,-0.33886035121251945
322,Illinois,1998,41477,
323,Illinois,1999,484848,10.68956289027654
324,Illinois,2000,449771,-0.07234638484638489
325,Illinois,2001,462702,0.02875018620586922
326,Illinois,2002,446138,-0.035798418852738934
327,Illinois,2003,515917,0.1564067620332723
328,Illinois,2004,590417,0.14440307258725715
329,Illinois,2005,527134,-0.10718356686884012
330,Illinois,2006,527698,0.0010699366764428397
331,Illinois,2007,536975,0.01758013105981071
332,Illinois,2008,615941,0.1470571255645048
333,Illinois,2009,752071,0.22101142804262097
334,Illinois,2010,695300,-0.07548622404001748
335,Illinois,2011,828962,0.19223644470012946
336,Illinois,2012,1036061,0.2498293046002109
337,Illinois,2013,1280613,0.23604015593676442
338,Illinois,2014,1344096,0.049572353240206146
339,Illinois,2015,1247398,-0.07194277789681691
340,Illinois,2016,1924070,0.5424667988885665
341,Illinois,2017,1601087,-0.16786447478522093
342,Illinois,2018,2831447,0.768452932289126
343,Illinois,2019,4949570,0.7480708627073012
344,Illinois,2020,3878025,-0.21649254379673388
345,Indiana,1998,22518,
346,Indiana,1999,203182,8.02309263700151
347,Indiana,2000,182319,-0.10268133988246986
348,Indiana,2001,195780,0.07383212939956896
349,Indiana,2002,188235,-0.03853815507201963
350,Indiana,2003,183853,-0.023279411374080294
351,Indiana,2004,176520,-0.03988512561666113
352,Indiana,2005,172249,-0.024195558576931786
353,Indiana,2006,185655,0.07782918913897907
354,Indiana,2007,186864,0.006512078855942516
355,Indiana,2008,219900,0.17679167736963786
356,Indiana,2009,273803,0.24512505684401997
357,Indiana,2010,345650,0.26240399119074653
358,Indiana,2011,359840,0.04105308838420374
359,Indiana,2012,475607,0.32171798577145405
360,Indiana,2013,597124,0.2554987626338552
361,Indiana,2014,647550,0.08444812132823332
362,Indiana,2015,1076917,0.6630638560728901
363,Indiana,2016,1436725,0.33410931390255705
364,Indiana,2017,830357,-0.42204875672101483
365,Indiana,2018,896148,0.07923218567435453
366,Indiana,2019,1450565,0.6186667827189258
367,Indiana,2020,616785,-0.5747967171412518
368,Iowa,1998,14650,
369,Iowa,1999,92222,5.295017064846417
370,Iowa,2000,87796,-0.047992886729847584
371,Iowa,2001,89658,0.021208255501389495
372,Iowa,2002,90358,0.007807446072854551
373,Iowa,2003,95127,0.05277894597047306
374,Iowa,2004,98517,0.035636570058973804
375,Iowa,2005,100344,0.01854502268643987
376,Iowa,2006,101430,0.010822769672327093
377,Iowa,2007,98888,-0.02506161885043867
378,Iowa,2008,108330,0.09548175713939
379,Iowa,2009,120233,0.10987722699159974
380,Iowa,2010,124738,0.03746891452429857
381,Iowa,2011,179944,0.44257563853837634
382,Iowa,2012,147700,-0.17918908104743703
383,Iowa,2013,160062,0.08369668246445494
384,Iowa,2014,127022,-0.20642001224525497
385,Iowa,2015,147309,0.1597124907496339
386,Iowa,2016,202277,0.3731476013006674
387,Iowa,2017,160981,-0.20415568749783708
388,Iowa,2018,189159,0.17503929035103516
389,Iowa,2019,182802,-0.03360664837517646
390,Iowa,2020,136058,-0.25570836205293157
391,Kansas,1998,12386,
392,Kansas,1999,106108,7.566768932665914
393,Kansas,2000,96716,-0.0885135899272439
394,Kansas,2001,95408,-0.013524132511683717
395,Kansas,2002,94110,-0.013604729163172902
396,Kansas,2003,97365,0.03458718520879822
397,Kansas,2004,99007,0.016864376315924634
398,Kansas,2005,98311,-0.00702980597331504
399,Kansas,2006,109143,0.11018095635279868
400,Kansas,2007,111502,0.021613846055175356
401,Kansas,2008,126084,0.13077792326595028
402,Kansas,2009,142984,0.13403762570984412
403,Kansas,2010,144156,0.008196721311475308
404,Kansas,2011,164898,0.14388579039374005
405,Kansas,2012,210972,0.27940908925517594
406,Kansas,2013,228105,0.08120982879244631
407,Kansas,2014,172167,-0.245229170776616
408,Kansas,2015,185859,0.07952743557127673
409,Kansas,2016,196548,0.05751133924103757
410,Kansas,2017,191451,-0.02593259661762015
411,Kansas,2018,172047,-0.10135230424495045
412,Kansas,2019,167010,-0.029276883642260554
413,Kansas,2020,124784,-0.2528351595712831
414,Kentucky,1998,31869,
415,Kentucky,1999,248212,6.788509209576705
416,Kentucky,2000,229896,-0.07379175865792142
417,Kentucky,2001,238996,0.0395831158436859
418,Kentucky,2002,229423,-0.04005506368307421
419,Kentucky,2003,226869,-0.011132275316772966
420,Kentucky,2004,234974,0.03572546271196142
421,Kentucky,2005,232589,-0.010150059155481062
422,Kentucky,2006,791599,2.4034240656264916
423,Kentucky,2007,1587850,1.0058767128306125
424,Kentucky,2008,1881101,0.18468432156689873
425,Kentucky,2009,2189578,0.16398747329356578
426,Kentucky,2010,2385579,0.08951542260654799
427,Kentucky,2011,2280832,-0.0439084180402326
428,Kentucky,2012,2589358,0.1352690597115438
429,Kentucky,2013,1578331,-0.39045469958190404
430,Kentucky,2014,2492184,0.5789995888061503
431,Kentucky,2015,3218371,0.2913857885292579
432,Kentucky,2016,3676847,0.14245591946981873
433,Kentucky,2017,4641480,0.26235331521817473
434,Kentucky,2018,4912441,0.05837814662564522
435,Kentucky,2019,4120892,-0.16113150264807252
436,Kentucky,2020,1996546,-0.5155063515374827
437,Louisiana,1998,27642,
438,Louisiana,1999,196015,6.0912017943708845
439,Louisiana,2000,174706,-0.1087110680305079
440,Louisiana,2001,177775,0.01756665483726949
441,Louisiana,2002,169580,-0.046097595274926184
442,Louisiana,2003,175693,0.036047883005071446
443,Louisiana,2004,172421,-0.018623394216047306
444,Louisiana,2005,207954,0.20608278573955618
445,Louisiana,2006,212176,0.020302566913836806
446,Louisiana,2007,208201,-0.018734446874293043
447,Louisiana,2008,248355,0.192861705755496
448,Louisiana,2009,247084,-0.005117674296873376
449,Louisiana,2010,239204,-0.031891988149779005
450,Louisiana,2011,264552,0.10596812762328378
451,Louisiana,2012,326290,0.23336810910520422
452,Louisiana,2013,353025,0.08193631432161563
453,Louisiana,2014,315357,-0.10670065859358402
454,Louisiana,2015,372613,0.18155931214464882
455,Louisiana,2016,391869,0.05167828282963827
456,Louisiana,2017,329201,-0.1599207898557936
457,Louisiana,2018,307192,-0.06685581149510478
458,Louisiana,2019,282264,-0.08114794656110835
459,Louisiana,2020,199424,-0.2934841141626279
460,Maine,1998,4106,
461,Maine,1999,47160,10.485630784218218
462,Maine,2000,45028,-0.045207803223070386
463,Maine,2001,50019,0.11084214266678516
464,Maine,2002,49922,-0.001939263080029563
465,Maine,2003,50897,0.01953046752934573
466,Maine,2004,52665,0.034736821423659636
467,Maine,2005,50319,-0.04454571347194536
468,Maine,2006,53106,0.055386633279675745
469,Maine,2007,51279,-0.03440289232855043
470,Maine,2008,56561,0.10300512880516388
471,Maine,2009,60955,0.07768603808277796
472,Maine,2010,65988,0.0825691083586253
473,Maine,2011,73127,0.10818633690974111
474,Maine,2012,91834,0.2558152255664803
475,Maine,2013,96760,0.05364026395452659
476,Maine,2014,83085,-0.1413290615957007
477,Maine,2015,94744,0.14032617199253772
478,Maine,2016,111582,0.17772101663429885
479,Maine,2017,96590,-0.1343585883027728
480,Maine,2018,93360,-0.033440314732373966
481,Maine,2019,90626,-0.029284490145672692
482,Maine,2020,64346,-0.2899830070840598
483,Mariana Islands,1998,0,
484,Mariana Islands,1999,51,inf
485,Mariana Islands,2000,13,-0.7450980392156863
486,Mariana Islands,2001,148,10.384615384615385
487,Mariana Islands,2002,35,-0.7635135135135135
488,Mariana Islands,2003,6,-0.8285714285714285
489,Mariana Islands,2004,0,-1.0
490,Mariana Islands,2005,0,
491,Mariana Islands,2006,26,inf
492,Mariana Islands,2007,11,-0.5769230769230769
493,Mariana Islands,2008,0,-1.0
494,Mariana Islands,2009,0,
495,Mariana Islands,2010,0,
496,Mariana Islands,2011,1,inf
497,Mariana Islands,2012,5,4.0
498,Mariana Islands,2013,13,1.6
499,Mariana Islands,2014,12,-0.07692307692307687
500,Mariana Islands,2015,18,0.5
501,Mariana Islands,2016,17,-0.05555555555555558
502,Mariana Islands,2017,159,8.352941176470589
503,Mariana Islands,2018,179,0.12578616352201255
504,Mariana Islands,2019,189,0.05586592178770955
505,Mariana Islands,2020,85,-0.5502645502645502
506,Maryland,1998,9007,
507,Maryland,1999,91381,9.145553458421228
508,Maryland,2000,84309,-0.07739026712336261
509,Maryland,2001,83347,-0.011410406955366548
510,Maryland,2002,78764,-0.05498698213492992
511,Maryland,2003,78270,-0.006271900868417002
512,Maryland,2004,77481,-0.01008049060942895
513,Maryland,2005,80947,0.04473354757940662
514,Maryland,2006,82207,0.015565740546283457
515,Maryland,2007,80249,-0.023817923047915635
516,Maryland,2008,89583,0.11631297586262757
517,Maryland,2009,95191,0.06260116316711883
518,Maryland,2010,88162,-0.07384101438161172
519,Maryland,2011,103020,0.168530659467798
520,Maryland,2012,136604,0.32599495243642007
521,Maryland,2013,231182,0.6923516148868261
522,Maryland,2014,142207,-0.3848699293197567
523,Maryland,2015,125694,-0.11611945966091686
524,Maryland,2016,165367,0.31563161328305256
525,Maryland,2017,158659,-0.040564320571819024
526,Maryland,2018,151470,-0.04531101292709516
527,Maryland,2019,148813,-0.017541427345348914
528,Maryland,2020,123557,-0.16971635542593722
529,Massachusetts,1998,1443,
530,Massachusetts,1999,24314,15.84961884961885
531,Massachusetts,2000,54843,1.2556140495187957
532,Massachusetts,2001,66635,0.21501376657002713
533,Massachusetts,2002,94824,0.4230359420724845
534,Massachusetts,2003,131395,0.38567240361090027
535,Massachusetts,2004,112996,-0.1400281593667948
536,Massachusetts,2005,105347,-0.06769266168713939
537,Massachusetts,2006,137148,0.30186906129268043
538,Massachusetts,2007,165446,0.20633184588911258
539,Massachusetts,2008,119859,-0.27554005536549686
540,Massachusetts,2009,98864,-0.17516415121100626
541,Massachusetts,2010,115904,0.17235798672924418
542,Massachusetts,2011,153487,0.324259732192159
543,Massachusetts,2012,210453,0.3711454390274096
544,Massachusetts,2013,251361,0.19438069307636385
545,Massachusetts,2014,179344,-0.2865082490919435
546,Massachusetts,2015,167285,-0.06723949504862159
547,Massachusetts,2016,226212,0.35225513345488246
548,Massachusetts,2017,206492,-0.08717486251834561
549,Massachusetts,2018,211295,0.023259981016213738
550,Massachusetts,2019,212316,0.004832106770155553
551,Massachusetts,2020,108809,-0.48751389438384296
552,Michigan,1998,30596,
553,Michigan,1999,307769,9.059125375866126
554,Michigan,2000,300661,-0.02309524351055503
555,Michigan,2001,363424,0.20875005404758173
556,Michigan,2002,353540,-0.027196882979660164
557,Michigan,2003,342161,-0.03218589127114324
558,Michigan,2004,342418,0.0007511083963396281
559,Michigan,2005,337035,-0.015720552073781202
560,Michigan,2006,332428,-0.013669203495185966
561,Michigan,2007,311851,-0.06189911800450021
562,Michigan,2008,357335,0.14585170482057142
563,Michigan,2009,362172,0.013536317461205982
564,Michigan,2010,348200,-0.03857835503572893
565,Michigan,2011,356635,0.02422458357265933
566,Michigan,2012,430405,0.20685014090036025
567,Michigan,2013,503979,0.17094132270768236
568,Michigan,2014,424091,-0.1585145412804898
569,Michigan,2015,500921,0.1811639483035481
570,Michigan,2016,579605,0.15707866110624225
571,Michigan,2017,513243,-0.11449521656990536
572,Michigan,2018,489957,-0.045370321660500035
573,Michigan,2019,492171,0.004518763891525168
574,Michigan,2020,445490,-0.09484711614459207
575,Minnesota,1998,12116,
576,Minnesota,1999,177929,13.685457246616044
577,Minnesota,2000,185100,0.04030259260716362
578,Minnesota,2001,191935,0.03692598595353869
579,Minnesota,2002,192392,0.0023810144059186467
580,Minnesota,2003,229728,0.19406212316520444
581,Minnesota,2004,227846,-0.008192296977294844
582,Minnesota,2005,224165,-0.016155648990985094
583,Minnesota,2006,244712,0.09166016104208952
584,Minnesota,2007,248086,0.013787636078328891
585,Minnesota,2008,277175,0.1172536942834339
586,Minnesota,2009,285130,0.028700279606746593
587,Minnesota,2010,297390,0.0429979307684214
588,Minnesota,2011,337534,0.1349877265543562
589,Minnesota,2012,440992,0.3065113440423779
590,Minnesota,2013,525774,0.19225292068790356
591,Minnesota,2014,481122,-0.08492622305401176
592,Minnesota,2015,519244,0.07923562007141638
593,Minnesota,2016,651599,0.25489943071080257
594,Minnesota,2017,683544,0.049025550990716704
595,Minnesota,2018,604078,-0.11625586648408881
596,Minnesota,2019,682356,0.1295826035710621
597,Minnesota,2020,446570,-0.34554689927252047
598,Mississippi,1998,26097,
599,Mississippi,1999,182114,5.9783500019159295
600,Mississippi,2000,163980,-0.09957499148884763
601,Mississippi,2001,159421,-0.027802170996462983
602,Mississippi,2002,149948,-0.059421280759749395
603,Mississippi,2003,150877,0.006195481100114808
604,Mississippi,2004,152294,0.009391756198757983
605,Mississippi,2005,167713,0.10124496040553144
606,Mississippi,2006,179087,0.0678182371074394
607,Mississippi,2007,175298,-0.021157314601283228
608,Mississippi,2008,181068,0.03291537838423708
609,Mississippi,2009,167057,-0.07737976892659115
610,Mississippi,2010,169873,0.01685652202541643
611,Mississippi,2011,185059,0.08939619598170401
612,Mississippi,2012,222297,0.20122231288399917
613,Mississippi,2013,231711,0.0423487496457442
614,Mississippi,2014,214829,-0.07285799983600261
615,Mississippi,2015,252372,0.1747575979034488
616,Mississippi,2016,276161,0.09426164550742544
617,Mississippi,2017,251852,-0.08802473919199305
618,Mississippi,2018,247278,-0.018161459905023603
619,Mississippi,2019,238388,-0.03595143927078026
620,Mississippi,2020,174333,-0.26870060573518806
621,Missouri,1998,24087,
622,Missouri,1999,206636,7.578735417445095
623,Missouri,2000,191578,-0.0728721036024701
624,Missouri,2001,199470,0.041194709204605884
625,Missouri,2002,197990,-0.007419662104577118
626,Missouri,2003,202865,0.02462245567957977
627,Missouri,2004,209316,0.03179947255564053
628,Missouri,2005,214241,0.023529018326358342
629,Missouri,2006,230374,0.07530304656905074
630,Missouri,2007,274085,0.18973929349666196
631,Missouri,2008,321487,0.17294634876042103
632,Missouri,2009,355678,0.10635266744845051
633,Missouri,2010,349672,-0.016886059863134628
634,Missouri,2011,394923,0.1294098469422773
635,Missouri,2012,513303,0.29975463571379746
636,Missouri,2013,567009,0.10462826050110752
637,Missouri,2014,517063,-0.08808678521857682
638,Missouri,2015,584875,0.13114842872145172
639,Missouri,2016,632319,0.08111818764693313
640,Missouri,2017,524973,-0.16976557718493357
641,Missouri,2018,496184,-0.05483901076817288
642,Missouri,2019,497858,0.0033737484481564106
643,Missouri,2020,351404,-0.2941682166400861
644,Montana,1998,6406,
645,Montana,1999,73027,10.399781454886044
646,Montana,2000,71115,-0.026182097032604434
647,Montana,2001,74752,0.05114251564367578
648,Montana,2002,76322,0.021002782534246478
649,Montana,2003,80786,0.0584890333062551
650,Montana,2004,83545,0.034151957022256374
651,Montana,2005,84060,0.006164342569872527
652,Montana,2006,87770,0.04413514156554843
653,Montana,2007,90355,0.029451976757434162
654,Montana,2008,97599,0.08017265231586523
655,Montana,2009,101976,0.04484677097101408
656,Montana,2010,101095,-0.00863928767553146
657,Montana,2011,108974,0.07793659429249722
658,Montana,2012,134455,0.2338264173105511
659,Montana,2013,137830,0.02510133501915135
660,Montana,2014,121836,-0.11604150039904226
661,Montana,2015,127705,0.04817131225581939
662,Montana,2016,136337,0.0675932813907052
663,Montana,2017,123938,-0.09094376434863605
664,Montana,2018,117607,-0.05108199260920787
665,Montana,2019,115823,-0.015169165100716753
666,Montana,2020,82349,-0.28900995484489267
667,Nebraska,1998,6655,
668,Nebraska,1999,47959,6.2064613072877535
669,Nebraska,2000,44825,-0.06534748430951443
670,Nebraska,2001,44401,-0.009459007250418261
671,Nebraska,2002,43177,-0.027566946690389837
672,Nebraska,2003,44758,0.036616717233712404
673,Nebraska,2004,48436,0.08217525358595101
674,Nebraska,2005,48172,-0.005450491370055377
675,Nebraska,2006,51221,0.0632940297268123
676,Nebraska,2007,52042,0.01602858202690305
677,Nebraska,2008,56589,0.0873717382114445
678,Nebraska,2009,59328,0.04840163282616761
679,Nebraska,2010,58283,-0.01761394282632145
680,Nebraska,2011,65860,0.1300036031089684
681,Nebraska,2012,85860,0.3036744609778317
682,Nebraska,2013,91553,0.06630561378989053
683,Nebraska,2014,68568,-0.25105676493397266
684,Nebraska,2015,79340,0.15709952164274887
685,Nebraska,2016,88663,0.11750693219057218
686,Nebraska,2017,74318,-0.16179240494907687
687,Nebraska,2018,74477,0.002139454775424543
688,Nebraska,2019,68236,-0.08379768250600861
689,Nebraska,2020,46890,-0.31282607421302533
690,Nevada,1998,6439,
691,Nevada,1999,62375,8.68706320857276
692,Nevada,2000,49807,-0.2014909819639279
693,Nevada,2001,50549,0.014897504366855996
694,Nevada,2002,47155,-0.06714277235949273
695,Nevada,2003,49432,0.04828756229456044
696,Nevada,2004,54754,0.10766305227383066
697,Nevada,2005,62727,0.1456149322423932
698,Nevada,2006,72963,0.16318331818833998
699,Nevada,2007,70276,-0.036826884859449294
700,Nevada,2008,95252,0.3553987136433492
701,Nevada,2009,107343,0.12693696720278846
702,Nevada,2010,104789,-0.02379288821814185
703,Nevada,2011,118740,0.13313420301749224
704,Nevada,2012,146363,0.23263432710122967
705,Nevada,2013,146892,0.0036143014286398323
706,Nevada,2014,116735,-0.2053004928791221
707,Nevada,2015,127480,0.09204608729172903
708,Nevada,2016,147992,0.1609036711641041
709,Nevada,2017,129622,-0.1241283312611493
710,Nevada,2018,127434,-0.01687985064263786
711,Nevada,2019,128312,0.006889841015741416
712,Nevada,2020,107133,-0.1650586071450839
713,New Hampshire,1998,2442,
714,New Hampshire,1999,37711,14.442669942669943
715,New Hampshire,2000,40120,0.06388056535228448
716,New Hampshire,2001,45727,0.13975573280159526
717,New Hampshire,2002,49666,0.08614166684890767
718,New Hampshire,2003,54724,0.10184029315829735
719,New Hampshire,2004,56791,0.03777136174256257
720,New Hampshire,2005,55761,-0.01813667658607876
721,New Hampshire,2006,63159,0.1326733738634529
722,New Hampshire,2007,65110,0.030890292753210202
723,New Hampshire,2008,67293,0.033527875902319204
724,New Hampshire,2009,76102,0.13090514615190285
725,New Hampshire,2010,79940,0.05043231452524233
726,New Hampshire,2011,90984,0.13815361521140845
727,New Hampshire,2012,128178,0.4087971511474544
728,New Hampshire,2013,147726,0.15250667041145904
729,New Hampshire,2014,124677,-0.15602534421835024
730,New Hampshire,2015,136816,0.09736358751012619
731,New Hampshire,2016,165164,0.20719798853935223
732,New Hampshire,2017,129090,-0.21841321353321552
733,New Hampshire,2018,120889,-0.0635293206290185
734,New Hampshire,2019,112173,-0.07209919843823676
735,New Hampshire,2020,87994,-0.2155509792909167
736,New Jersey,1998,3795,
737,New Jersey,1999,38601,9.171541501976284
738,New Jersey,2000,37106,-0.03872956659153903
739,New Jersey,2001,39527,0.06524551285506397
740,New Jersey,2002,43318,0.09590912540794894
741,New Jersey,2003,41733,-0.03658987026178495
742,New Jersey,2004,37376,-0.1044017923465842
743,New Jersey,2005,36582,-0.02124357876712324
744,New Jersey,2006,37318,0.02011918429828885
745,New Jersey,2007,36412,-0.024277828393804546
746,New Jersey,2008,40525,0.11295726683510932
747,New Jersey,2009,55533,0.3703392967304133
748,New Jersey,2010,50522,-0.09023463526191633
749,New Jersey,2011,60256,0.192668540437829
750,New Jersey,2012,85851,0.42477097716409995
751,New Jersey,2013,120071,0.3985975702088502
752,New Jersey,2014,92320,-0.23112158639471647
753,New Jersey,2015,90034,-0.024761698440207924
754,New Jersey,2016,121853,0.3534109336472888
755,New Jersey,2017,103739,-0.14865452635552678
756,New Jersey,2018,93124,-0.10232410183248342
757,New Jersey,2019,91257,-0.02004853743395907
758,New Jersey,2020,60114,-0.3412669713008317
759,New Mexico,1998,9033,
760,New Mexico,1999,94406,9.45123436289162
761,New Mexico,2000,84034,-0.10986589835391813
762,New Mexico,2001,84874,0.00999595401861142
763,New Mexico,2002,80057,-0.05675471875957305
764,New Mexico,2003,79140,-0.01145433878361668
765,New Mexico,2004,81546,0.03040181956027288
766,New Mexico,2005,82051,0.006192823682338755
767,New Mexico,2006,90321,0.10079097146896432
768,New Mexico,2007,93304,0.033026649394935825
769,New Mexico,2008,106131,0.1374753493955243
770,New Mexico,2009,106854,0.00681233569833517
771,New Mexico,2010,109069,0.020729219308589286
772,New Mexico,2011,115620,0.06006289596493963
773,New Mexico,2012,143419,0.2404341809375541
774,New Mexico,2013,156333,0.09004385750841948
775,New Mexico,2014,139780,-0.10588295497431766
776,New Mexico,2015,147912,0.058177135498640675
777,New Mexico,2016,161216,0.08994537292444149
778,New Mexico,2017,159779,-0.008913507344184168
779,New Mexico,2018,156853,-0.018312794547468703
780,New Mexico,2019,156829,-0.00015300950571550676
781,New Mexico,2020,104250,-0.33526324850633493
782,New York,1998,14736,
783,New York,1999,186627,11.664698697068404
784,New York,2000,163974,-0.12138115063736754
785,New York,2001,175967,0.0731396440899168
786,New York,2002,160927,-0.08547057118664292
787,New York,2003,150831,-0.06273652028559529
788,New York,2004,160222,0.06226173664564971
789,New York,2005,158781,-0.008993771142539742
790,New York,2006,199015,0.2533930382098615
791,New York,2007,212174,0.0661206441725497
792,New York,2008,221920,0.045933997568033735
793,New York,2009,241165,0.08672043979812538
794,New York,2010,241495,0.0013683577633569755
795,New York,2011,271837,0.12564235284374425
796,New York,2012,338619,0.24566927975220443
797,New York,2013,353064,0.04265856316390981
798,New York,2014,365427,0.03501631432261565
799,New York,2015,346048,-0.05303111154895501
800,New York,2016,404772,0.169699001294618
801,New York,2017,382495,-0.055035921457017745
802,New York,2018,358614,-0.06243480306932114
803,New York,2019,355374,-0.009034783918084655
804,New York,2020,230091,-0.3525384524472809
805,North Carolina,1998,38943,
806,North Carolina,1999,309707,6.9528284929255575
807,North Carolina,2000,290884,-0.060776798716206004
808,North Carolina,2001,289571,-0.00451382681756296
809,North Carolina,2002,268916,-0.07132965662998025
810,North Carolina,2003,264488,-0.01646610837584972
811,North Carolina,2004,276480,0.0453404313239163
812,North Carolina,2005,271527,-0.017914496527777768
813,North Carolina,2006,290024,0.06812213886648477
814,North Carolina,2007,289215,-0.0027894243235042637
815,North Carolina,2008,347473,0.2014349186591291
816,North Carolina,2009,368460,0.06039893747140068
817,North Carolina,2010,331637,-0.09993757802746572
818,North Carolina,2011,375211,0.13139064700259628
819,North Carolina,2012,489307,0.30408490156205437
820,North Carolina,2013,574622,0.17435883811186015
821,North Carolina,2014,1182349,1.0576117865309715
822,North Carolina,2015,531876,-0.5501531273760962
823,North Carolina,2016,601445,0.13079928404364938
824,North Carolina,2017,537813,-0.10579853519440685
825,North Carolina,2018,529916,-0.014683542420878659
826,North Carolina,2019,530365,0.0008473041010272908
827,North Carolina,2020,408361,-0.2300378041537432
828,North Dakota,1998,2437,
829,North Dakota,1999,29864,11.25441116126385
830,North Dakota,2000,32358,0.08351192070720592
831,North Dakota,2001,32105,-0.007818777427529566
832,North Dakota,2002,31339,-0.0238592119607538
833,North Dakota,2003,33393,0.06554133826861097
834,North Dakota,2004,34690,0.03884047554876768
835,North Dakota,2005,36000,0.03776304410492948
836,North Dakota,2006,39436,0.09544444444444444
837,North Dakota,2007,42311,0.07290293133177816
838,North Dakota,2008,46832,0.10685164614402876
839,North Dakota,2009,47962,0.02412880081995228
840,North Dakota,2010,47083,-0.018327008882031648
841,North Dakota,2011,61032,0.29626404434721665
842,North Dakota,2012,84867,0.39053283523397564
843,North Dakota,2013,85812,0.011135070168616812
844,North Dakota,2014,70548,-0.1778772199692351
845,North Dakota,2015,69429,-0.015861541078414643
846,North Dakota,2016,72036,0.037549150931167175
847,North Dakota,2017,66977,-0.07022877450163811
848,North Dakota,2018,62334,-0.06932230467175304
849,North Dakota,2019,60389,-0.031202874835563277
850,North Dakota,2020,40229,-0.33383563231714386
851,Ohio,1998,32481,
852,Ohio,1999,297597,8.16218712478064
853,Ohio,2000,274165,-0.07873735286310013
854,Ohio,2001,292159,0.06563200992103302
855,Ohio,2002,297033,0.016682696750741854
856,Ohio,2003,298632,0.005383240246033205
857,Ohio,2004,327040,0.09512711296846965
858,Ohio,2005,313159,-0.042444349315068464
859,Ohio,2006,325132,0.038232974303788136
860,Ohio,2007,326114,0.003020311750304483
861,Ohio,2008,350014,0.07328725537695413
862,Ohio,2009,395580,0.13018336409400777
863,Ohio,2010,393250,-0.005890085444157922
864,Ohio,2011,468974,0.19255944055944063
865,Ohio,2012,629215,0.3416841871830847
866,Ohio,2013,680930,0.08218971257837149
867,Ohio,2014,596389,-0.12415519950655718
868,Ohio,2015,748502,0.25505668280266747
869,Ohio,2016,875724,0.16996881771858985
870,Ohio,2017,753072,-0.14005782643846687
871,Ohio,2018,717475,-0.04726905262710601
872,Ohio,2019,638495,-0.11008049060942893
873,Ohio,2020,469145,-0.26523308718157546
874,Oklahoma,1998,20075,
875,Oklahoma,1999,169436,7.440149439601495
876,Oklahoma,2000,156988,-0.07346726787695645
877,Oklahoma,2001,164126,0.0454684434479069
878,Oklahoma,2002,159489,-0.028252683913578602
879,Oklahoma,2003,167551,0.050548940679294496
880,Oklahoma,2004,173188,0.03364348765450509
881,Oklahoma,2005,182031,0.051060119638774104
882,Oklahoma,2006,190741,0.047848992753981356
883,Oklahoma,2007,189081,-0.008702900792173729
884,Oklahoma,2008,221612,0.17204795828242925
885,Oklahoma,2009,234562,0.05843546378354958
886,Oklahoma,2010,233909,-0.0027839121426318503
887,Oklahoma,2011,271816,0.16205874934269304
888,Oklahoma,2012,367976,0.3537687259028166
889,Oklahoma,2013,380634,0.03439898254233964
890,Oklahoma,2014,348495,-0.08443544192058516
891,Oklahoma,2015,359276,0.030935881433019174
892,Oklahoma,2016,364590,0.014790857168305083
893,Oklahoma,2017,334351,-0.08293974053045883
894,Oklahoma,2018,332291,-0.006161189887274099
895,Oklahoma,2019,360043,0.0835171581535461
896,Oklahoma,2020,238873,-0.3365431351255267
897,Oregon,1998,14024,
898,Oregon,1999,160358,10.434540787221906
899,Oregon,2000,135336,-0.15603836416019157
900,Oregon,2001,141295,0.04403115209552522
901,Oregon,2002,137513,-0.02676669379666652
902,Oregon,2003,142960,0.03961080043341347
903,Oregon,2004,149688,0.04706211527700055
904,Oregon,2005,158045,0.055829458607236315
905,Oregon,2006,163705,0.03581258502325291
906,Oregon,2007,162629,-0.006572798631685028
907,Oregon,2008,179887,0.10611883489414553
908,Oregon,2009,185043,0.02866243808613178
909,Oregon,2010,184835,-0.0011240630556140774
910,Oregon,2011,209781,0.13496361619823083
911,Oregon,2012,267041,0.2729513158961012
912,Oregon,2013,274302,0.02719058122161022
913,Oregon,2014,243044,-0.11395469227347954
914,Oregon,2015,276126,0.1361152713088989
915,Oregon,2016,324708,0.17594141804828234
916,Oregon,2017,341167,0.050688618697414256
917,Oregon,2018,359682,0.05426960989779195
918,Oregon,2019,357700,-0.005510423095956951
919,Oregon,2020,258255,-0.27801230081073525
920,Pennsylvania,1998,48317,
921,Pennsylvania,1999,541555,10.208373864271374
922,Pennsylvania,2000,481294,-0.11127401648955326
923,Pennsylvania,2001,509881,0.05939612793843274
924,Pennsylvania,2002,567702,0.11340097003026206
925,Pennsylvania,2003,515896,-0.09125562354897465
926,Pennsylvania,2004,504813,-0.021483012079954067
927,Pennsylvania,2005,482977,-0.04325562138851413
928,Pennsylvania,2006,520454,0.07759582754458294
929,Pennsylvania,2007,562603,0.08098506304111419
930,Pennsylvania,2008,598544,0.06388341334831127
931,Pennsylvania,2009,641696,0.07209495041300218
932,Pennsylvania,2010,626677,-0.023405163815887864
933,Pennsylvania,2011,718934,0.14721618952027926
934,Pennsylvania,2012,968534,0.34718068696152926
935,Pennsylvania,2013,1044731,0.07867250917365842
936,Pennsylvania,2014,899241,-0.13926072835974046
937,Pennsylvania,2015,993429,0.10474166547121411
938,Pennsylvania,2016,1143220,0.15078178712318646
939,Pennsylvania,2017,1062651,-0.07047549902905825
940,Pennsylvania,2018,1021943,-0.038307967526497455
941,Pennsylvania,2019,987886,-0.03332573343131662
942,Pennsylvania,2020,622101,-0.3702704563077116
943,Puerto Rico,1998,513,
944,Puerto Rico,1999,5190,9.116959064327485
945,Puerto Rico,2000,5301,0.021387283236994126
946,Puerto Rico,2001,7095,0.33842671194114327
947,Puerto Rico,2002,8148,0.14841437632135301
948,Puerto Rico,2003,7906,-0.029700540009818366
949,Puerto Rico,2004,7712,-0.024538325322539856
950,Puerto Rico,2005,8988,0.1654564315352698
951,Puerto Rico,2006,8473,-0.05729862038273248
952,Puerto Rico,2007,8225,-0.029269444116605703
953,Puerto Rico,2008,6503,-0.2093617021276596
954,Puerto Rico,2009,7992,0.22897124404121172
955,Puerto Rico,2010,8078,0.010760760760760713
956,Puerto Rico,2011,11525,0.42671453330032194
957,Puerto Rico,2012,15545,0.34880694143167035
958,Puerto Rico,2013,16968,0.09154068832422002
959,Puerto Rico,2014,16118,-0.05009429514380015
960,Puerto Rico,2015,15892,-0.014021590768085401
961,Puerto Rico,2016,15861,-0.001950667002265316
962,Puerto Rico,2017,18811,0.18599079503183913
963,Puerto Rico,2018,29275,0.5562702673967359
964,Puerto Rico,2019,28635,-0.021861656703672128
965,Puerto Rico,2020,9746,-0.6596472847913393
966,Rhode Island,1998,1059,
967,Rhode Island,1999,10677,9.082152974504249
968,Rhode Island,2000,9414,-0.1182916549592582
969,Rhode Island,2001,10233,0.08699808795411079
970,Rhode Island,2002,9521,-0.06957881364213814
971,Rhode Island,2003,9660,0.014599306795504585
972,Rhode Island,2004,10054,0.040786749482401685
973,Rhode Island,2005,9649,-0.04028247463696044
974,Rhode Island,2006,9936,0.02974401492382639
975,Rhode Island,2007,10222,0.028784219001610323
976,Rhode Island,2008,12405,0.213558990412835
977,Rhode Island,2009,14799,0.19298669891172904
978,Rhode Island,2010,14835,0.002432596797080855
979,Rhode Island,2011,17271,0.16420626895854395
980,Rhode Island,2012,24050,0.3925076718198135
981,Rhode Island,2013,26666,0.10877338877338882
982,Rhode Island,2014,20400,-0.234980874521863
983,Rhode Island,2015,22129,0.08475490196078428
984,Rhode Island,2016,27758,0.25437209092141533
985,Rhode Island,2017,24677,-0.11099502846026366
986,Rhode Island,2018,25030,0.014304818251813511
987,Rhode Island,2019,24338,-0.027646823811426247
988,Rhode Island,2020,24019,-0.013107075355411335
989,South Carolina,1998,9565,
990,South Carolina,1999,145493,14.210977522216414
991,South Carolina,2000,128618,-0.11598496147580983
992,South Carolina,2001,132781,0.03236716478253432
993,South Carolina,2002,121976,-0.08137459425670845
994,South Carolina,2003,121352,-0.005115760477470976
995,South Carolina,2004,124153,0.02308161381765439
996,South Carolina,2005,141811,0.14222773513326303
997,South Carolina,2006,148604,0.047901784769869726
998,South Carolina,2007,150133,0.010289090468628137
999,South Carolina,2008,184941,0.23184776165133592
1000,South Carolina,2009,214584,0.1602835498888835
1001,South Carolina,2010,201628,-0.060377288148230956
1002,South Carolina,2011,229419,0.13783303906203503
1003,South Carolina,2012,308408,0.3443001669434529
1004,South Carolina,2013,335695,0.08847695260823318
1005,South Carolina,2014,289764,-0.13682360476027344
1006,South Carolina,2015,326997,0.12849422288483048
1007,South Carolina,2016,402978,0.23235992990761378
1008,South Carolina,2017,396920,-0.015033078728863614
1009,South Carolina,2018,280749,-0.2926811448150761
1010,South Carolina,2019,328221,0.169090539948495
1011,South Carolina,2020,254503,-0.2245986697987027
1012,South Dakota,1998,2751,
1013,South Dakota,1999,31327,10.387495456197746
1014,South Dakota,2000,36723,0.17224758195805534
1015,South Dakota,2001,40861,0.11268142580943818
1016,South Dakota,2002,44282,0.08372286532390305
1017,South Dakota,2003,47683,0.0768032157535794
1018,South Dakota,2004,50323,0.05536564394018839
1019,South Dakota,2005,50768,0.008842875027323505
1020,South Dakota,2006,52675,0.03756303183107468
1021,South Dakota,2007,54013,0.025401044138585682
1022,South Dakota,2008,62489,0.15692518467776284
1023,South Dakota,2009,63748,0.02014754596809043
1024,South Dakota,2010,63151,-0.009364999686264697
1025,South Dakota,2011,69654,0.10297540814872286
1026,South Dakota,2012,88447,0.2698050363223936
1027,South Dakota,2013,92055,0.04079279116306944
1028,South Dakota,2014,83659,-0.09120634403345829
1029,South Dakota,2015,100268,0.19853213641090628
1030,South Dakota,2016,111921,0.11621853432800089
1031,South Dakota,2017,98573,-0.11926269422181712
1032,South Dakota,2018,90693,-0.0799407545676808
1033,South Dakota,2019,85426,-0.05807504438049238
1034,South Dakota,2020,52006,-0.3912157891040199
1035,Tennessee,1998,24773,
1036,Tennessee,1999,264214,9.665401848786987
1037,Tennessee,2000,234673,-0.11180709576328285
1038,Tennessee,2001,230779,-0.01659330216940169
1039,Tennessee,2002,223048,-0.033499581851034965
1040,Tennessee,2003,219783,-0.014638104802553675
1041,Tennessee,2004,229401,0.043761346418967895
1042,Tennessee,2005,253450,0.10483389348782257
1043,Tennessee,2006,258500,0.019925034523574636
1044,Tennessee,2007,241741,-0.06483172147001937
1045,Tennessee,2008,282819,0.1699256642439635
1046,Tennessee,2009,408991,0.44612278524427285
1047,Tennessee,2010,411024,0.004970769527935737
1048,Tennessee,2011,451107,0.09751985285530762
1049,Tennessee,2012,524122,0.16185738638504832
1050,Tennessee,2013,600869,0.14642964805903969
1051,Tennessee,2014,533394,-0.11229569173979681
1052,Tennessee,2015,654192,0.22647048898187827
1053,Tennessee,2016,714774,0.09260584048719633
1054,Tennessee,2017,767953,0.07439974033750518
1055,Tennessee,2018,694101,-0.09616734357441148
1056,Tennessee,2019,635313,-0.08469660755423203
1057,Tennessee,2020,476657,-0.24972887379921394
1058,Texas,1998,82399,
1059,Texas,1999,710025,7.616912826611973
1060,Texas,2000,662970,-0.06627231435512837
1061,Texas,2001,672746,0.014745765268413313
1062,Texas,2002,664745,-0.01189304730165619
1063,Texas,2003,688275,0.035397031944580215
1064,Texas,2004,672995,-0.022200428607751288
1065,Texas,2005,738793,0.09776892844671958
1066,Texas,2006,770236,0.04255995928494172
1067,Texas,2007,783596,0.017345333118680584
1068,Texas,2008,944568,0.20542728650988518
1069,Texas,2009,1014015,0.0735224991742256
1070,Texas,2010,968071,-0.045308994442882944
1071,Texas,2011,1155387,0.1934940722323053
1072,Texas,2012,1436132,0.2429878473619662
1073,Texas,2013,1633278,0.1372756821796326
1074,Texas,2014,1465992,-0.10242346985632578
1075,Texas,2015,1574266,0.07385715610999233
1076,Texas,2016,1721726,0.09366904957611988
1077,Texas,2017,1549434,-0.10006934901372233
1078,Texas,2018,1571632,0.01432652181377203
1079,Texas,2019,1487212,-0.053714864548443875
1080,Texas,2020,1150082,-0.22668590624604967
1081,Utah,1998,10682,
1082,Utah,1999,77718,6.275603819509455
1083,Utah,2000,67420,-0.13250469646671303
1084,Utah,2001,67518,0.00145357460694151
1085,Utah,2002,61710,-0.08602150537634412
1086,Utah,2003,70507,0.14255388105655475
1087,Utah,2004,79967,0.13417107521239036
1088,Utah,2005,88981,0.11272149761776729
1089,Utah,2006,106653,0.19860419640147886
1090,Utah,2007,127051,0.1912557546435638
1091,Utah,2008,181592,0.4292843031538516
1092,Utah,2009,256136,0.4105026653156527
1093,Utah,2010,553134,1.1595324358934316
1094,Utah,2011,1020789,0.8454642093959148
1095,Utah,2012,230999,-0.7737054376565579
1096,Utah,2013,324604,0.4052182044078112
1097,Utah,2014,263812,-0.18728050178063116
1098,Utah,2015,254814,-0.034107622094521894
1099,Utah,2016,294907,0.15734221824546535
1100,Utah,2017,270477,-0.08283967488055555
1101,Utah,2018,295858,0.09383792337241248
1102,Utah,2019,823270,1.7826524886939006
1103,Utah,2020,547268,-0.3352508897445553
1104,Vermont,1998,2116,
1105,Vermont,1999,22218,9.5
1106,Vermont,2000,20300,-0.08632640201638309
1107,Vermont,2001,20657,0.01758620689655177
1108,Vermont,2002,20483,-0.008423294766907063
1109,Vermont,2003,19971,-0.02499633842698823
1110,Vermont,2004,19490,-0.02408492313855093
1111,Vermont,2005,18607,-0.045305284761416154
1112,Vermont,2006,20713,0.1131832106196593
1113,Vermont,2007,19951,-0.036788490320088796
1114,Vermont,2008,21991,0.10225051375870886
1115,Vermont,2009,23085,0.04974762402801147
1116,Vermont,2010,24276,0.05159194282001289
1117,Vermont,2011,27292,0.12423793046630416
1118,Vermont,2012,34507,0.2643631833504323
1119,Vermont,2013,36135,0.04717883328020411
1120,Vermont,2014,31502,-0.12821364328213647
1121,Vermont,2015,34588,0.09796203415656146
1122,Vermont,2016,39417,0.13961489533942406
1123,Vermont,2017,37610,-0.0458431641170054
1124,Vermont,2018,41550,0.10475937250731193
1125,Vermont,2019,35843,-0.137352587244284
1126,Vermont,2020,29228,-0.1845548642691739
1127,Virgin Islands,1998,0,
1128,Virgin Islands,1999,0,
1129,Virgin Islands,2000,0,
1130,Virgin Islands,2001,0,
1131,Virgin Islands,2002,1,inf
1132,Virgin Islands,2003,0,-1.0
1133,Virgin Islands,2004,0,
1134,Virgin Islands,2005,40,inf
1135,Virgin Islands,2006,1203,29.075
1136,Virgin Islands,2007,1461,0.21446384039900246
1137,Virgin Islands,2008,1536,0.05133470225872694
1138,Virgin Islands,2009,1759,0.14518229166666674
1139,Virgin Islands,2010,1594,-0.09380329732802728
1140,Virgin Islands,2011,1356,-0.14930991217063994
1141,Virgin Islands,2012,399,-0.7057522123893805
1142,Virgin Islands,2013,1134,1.8421052631578947
1143,Virgin Islands,2014,1271,0.12081128747795411
1144,Virgin Islands,2015,1342,0.0558615263571991
1145,Virgin Islands,2016,1087,-0.1900149031296572
1146,Virgin Islands,2017,1210,0.11315547378104873
1147,Virgin Islands,2018,1436,0.18677685950413214
1148,Virgin Islands,2019,1544,0.07520891364902504
1149,Virgin Islands,2020,575,-0.6275906735751295
1150,Virginia,1998,25194,
1151,Virginia,1999,208554,7.277923315075018
1152,Virginia,2000,188508,-0.09611899076498176
1153,Virginia,2001,196181,0.040703842807732205
1154,Virginia,2002,191789,-0.022387489104449432
1155,Virginia,2003,200270,0.04422047145561003
1156,Virginia,2004,213062,0.06387377040994657
1157,Virginia,2005,221725,0.04065952633505732
1158,Virginia,2006,238862,0.0772894351110609
1159,Virginia,2007,241538,0.011203121467625587
1160,Virginia,2008,278974,0.1549901050766338
1161,Virginia,2009,296463,0.0626904299325386
1162,Virginia,2010,320783,0.0820338457075589
1163,Virginia,2011,331468,0.0333091217427357
1164,Virginia,2012,448754,0.3538380778838379
1165,Virginia,2013,498426,0.11068870695303001
1166,Virginia,2014,419764,-0.1578208199411748
1167,Virginia,2015,462997,0.10299358687262372
1168,Virginia,2016,528369,0.14119313948038537
1169,Virginia,2017,520827,-0.014274115249002128
1170,Virginia,2018,476760,-0.08460966885357324
1171,Virginia,2019,512766,0.07552227535867106
1172,Virginia,2020,427209,-0.16685388656814215
1173,Washington,1998,12002,
1174,Washington,1999,133674,10.13764372604566
1175,Washington,2000,134255,0.004346394960874855
1176,Washington,2001,161380,0.2020408923317567
1177,Washington,2002,193439,0.19865534762671944
1178,Washington,2003,213916,0.10585766055449009
1179,Washington,2004,203432,-0.04900989173320369
1180,Washington,2005,219559,0.07927464705651022
1181,Washington,2006,255387,0.16318165049030098
1182,Washington,2007,276156,0.08132363824313682
1183,Washington,2008,316589,0.14641362128651925
1184,Washington,2009,336732,0.06362507857190236
1185,Washington,2010,335342,-0.004127911811173224
1186,Washington,2011,394410,0.17614256490388924
1187,Washington,2012,519209,0.3164194619811871
1188,Washington,2013,561122,0.08072471779187196
1189,Washington,2014,482115,-0.140801822063651
1190,Washington,2015,502280,0.041826120323989135
1191,Washington,2016,713996,0.42150991478856414
1192,Washington,2017,579678,-0.18812150208124412
1193,Washington,2018,627301,0.08215423045207859
1194,Washington,2019,607170,-0.032091452109912155
1195,Washington,2020,358302,-0.40988191116161865
1196,West Virginia,1998,14194,
1197,West Virginia,1999,134471,8.473791742989995
1198,West Virginia,2000,128258,-0.046203270593659584
1199,West Virginia,2001,138421,0.07923872195106729
1200,West Virginia,2002,134846,-0.025827006017873022
1201,West Virginia,2003,131777,-0.022759295789270717
1202,West Virginia,2004,132846,0.008112189532315961
1203,West Virginia,2005,133667,0.006180088222452973
1204,West Virginia,2006,137925,0.03185528215640354
1205,West Virginia,2007,132396,-0.0400870038064165
1206,West Virginia,2008,147689,0.11550953201003056
1207,West Virginia,2009,156831,0.06190034464313521
1208,West Virginia,2010,159550,0.017337133602412846
1209,West Virginia,2011,185491,0.1625885302413037
1210,West Virginia,2012,225580,0.2161236933328301
1211,West Virginia,2013,248952,0.10360847592871703
1212,West Virginia,2014,221847,-0.1088764099103442
1213,West Virginia,2015,249014,0.1224582707902293
1214,West Virginia,2016,242350,-0.026761547543511566
1215,West Virginia,2017,222768,-0.08080049515164023
1216,West Virginia,2018,241678,0.08488651871004804
1217,West Virginia,2019,206196,-0.14681518383965442
1218,West Virginia,2020,133629,-0.35193214223360303
1219,Wisconsin,1998,15442,
1220,Wisconsin,1999,179340,10.613780598368088
1221,Wisconsin,2000,180492,0.006423553027768536
1222,Wisconsin,2001,181798,0.007235777763003437
1223,Wisconsin,2002,173779,-0.044109396142971824
1224,Wisconsin,2003,188594,0.08525195794658735
1225,Wisconsin,2004,187097,-0.007937686246646258
1226,Wisconsin,2005,183013,-0.02182824951762985
1227,Wisconsin,2006,189228,0.03395933622201697
1228,Wisconsin,2007,180607,-0.0455587967954002
1229,Wisconsin,2008,186819,0.03439512311261472
1230,Wisconsin,2009,196951,0.054234312355809555
1231,Wisconsin,2010,194797,-0.010936730455798682
1232,Wisconsin,2011,322761,0.656909500659661
1233,Wisconsin,2012,469375,0.45424942914416544
1234,Wisconsin,2013,434688,-0.07390039946737681
1235,Wisconsin,2014,334308,-0.2309242491166078
1236,Wisconsin,2015,383280,0.14648767005276575
1237,Wisconsin,2016,561819,0.4658187226048842
1238,Wisconsin,2017,526523,-0.06282450397725958
1239,Wisconsin,2018,452520,-0.14055036532117304
1240,Wisconsin,2019,435685,-0.037202775567930724
1241,Wisconsin,2020,331607,-0.2388835970942309
1242,Wyoming,1998,3486,
1243,Wyoming,1999,35476,9.176706827309237
1244,Wyoming,2000,34295,-0.033290111624760366
1245,Wyoming,2001,34454,0.004636244350488372
1246,Wyoming,2002,33585,-0.025222035177337898
1247,Wyoming,2003,33184,-0.01193985410153342
1248,Wyoming,2004,35427,0.06759281581485044
1249,Wyoming,2005,37911,0.0701160132102634
1250,Wyoming,2006,42376,0.11777584342275338
1251,Wyoming,2007,42770,0.009297715688125319
1252,Wyoming,2008,49255,0.15162497077390702
1253,Wyoming,2009,51395,0.04344736574967012
1254,Wyoming,2010,47709,-0.07171903881700559
1255,Wyoming,2011,52224,0.09463623215745454
1256,Wyoming,2012,63356,0.21315870098039214
1257,Wyoming,2013,70671,0.11545867794684006
1258,Wyoming,2014,63063,-0.10765377594770131
1259,Wyoming,2015,62339,-0.011480582909154324
1260,Wyoming,2016,63594,0.020131859670511343
1261,Wyoming,2017,54711,-0.13968298896122278
1262,Wyoming,2018,60150,0.09941328069309652
1263,Wyoming,2019,61291,0.018969243557772186
1264,Wyoming,2020,42070,-0.31360232334274196
