State,Democratic,Republican,Others,Year,Election,PercentD,Change
AL,485660,849229,104105,2000,House,33.74996699082832,
AK,45372,190862,38159,2000,House,16.5354072443539,
AZ,557849,854715,53092,2000,House,38.061386846572454,
AR,355366,277146,253,2000,House,56.16081799720275,
CA,5407163,4446295,584207,2000,House,51.804335548228465,
CO,496045,968651,159186,2000,House,30.546862395174035,
CT,699237,590689,23564,2000,House,53.2350455656305,
DE,96488,211797,4886,2000,House,30.81000475778409,
DC,158824,10258,6549,2000,House,90.4305048653142,
FL,1976189,2851623,183560,2000,House,39.434091103194895,
GA,918085,1498337,200,2000,House,37.990426305810345,
HI,221373,110895,8156,2000,House,65.0286113787512,
ID,142345,332655,17835,2000,House,28.882891840068176,
IL,2453674,1907306,32372,2000,House,55.84970200430105,
IN,953167,1140554,63023,2000,House,44.19472130211096,
IA,531642,717322,26970,2000,House,41.66688872621938,
KS,328194,657978,52207,2000,House,31.60637878847704,
KY,561752,824915,48742,2000,House,39.13532658635971,
LA,359668,747115,95388,2000,House,29.918206311747664,
ME,422606,203437,12356,2000,House,66.19778539753352,
MD,1060857,856306,9601,2000,House,55.05900047956055,
MA,1967942,343498,35935,2000,House,83.83585920443049,
MI,2177678,1786991,105067,2000,House,53.509072824379764,
MN,1234204,993371,136163,2000,House,52.2140778715746,
MS,495687,468483,21969,2000,House,50.26542911293438,
MO,1136020,1135724,54044,2000,House,48.84452065278521,
MT,189971,211418,9134,2000,House,46.27536094201786,
NE,178071,486513,18487,2000,House,26.06917875301396,
NV,224848,330884,29472,2000,House,38.42215705976036,
NH,238754,303190,14473,2000,House,42.909185017711536,
NJ,1532240,1384170,71823,2000,House,51.275787396765914,
NM,299841,274017,13656,2000,House,51.03554979115391,
NY,3051701,2235452,536697,2000,House,52.40006181477889,
NC,1193600,1514806,71394,2000,House,42.93834088783366,
ND,151173,127251,7234,2000,House,52.920975432160134,
OH,2070028,2203790,247399,2000,House,45.7847522027808,
OK,336955,701820,48740,2000,House,30.983940451396073,
OR,790365,607098,42539,2000,House,54.886382102247076,
PA,2279227,2229057,46063,2000,House,50.045088790994626,
RI,247247,89454,47426,2000,House,64.36595188570446,
SC,522633,729331,68317,2000,House,39.58498228786145,
SD,78321,231083,5357,2000,House,24.88268877020978,
TN,819100,991984,43294,2000,House,44.17114525733157,
TX,2799051,2932411,254301,2000,House,46.76180797669403,
UT,304797,426648,27309,2000,House,40.17072727128951,
VT,14918,51977,216471,2000,House,5.264569496693322,
VA,1060484,1131999,229246,2000,House,43.79036630440483,
WA,1245872,997877,138662,2000,House,52.294587289934434,
WV,420784,108769,50319,2000,House,72.56497985762374,
WI,1187866,1311447,7001,2000,House,47.394939341199866,
WY,60638,141848,9826,2000,House,28.560797317155885,
Total,46595202,46738619,6125773,2000,House,46.848373420868775,
AL,507117,694606,67079,2002,House,39.968174703381614,6.218207712553294
AK,39357,169685,18683,2002,House,17.28268745197058,0.7472802076166793
AZ,472135,681922,40343,2002,House,39.52905224380442,1.4676653972319684
AR,392086,283739,12451,2002,House,56.96639138950073,0.8055733922979798
CA,3731081,3225666,301670,2002,House,51.40350850605579,-0.40082704217267207
CO,589463,752998,54609,2002,House,42.1928035102035,11.645941115029462
CT,509036,465982,14291,2002,House,51.45369141491688,-1.781354150713618
DE,61011,164605,2789,2002,House,26.711762001707495,-4.098242756076594
DC,119268,0,8965,2002,House,93.00881988255753,2.5783150172433267
FL,1537124,2161349,68085,2002,House,40.80977911398152,1.3756880107866252
GA,814295,1104622,0,2002,House,42.435133984429754,4.444707678619409
HI,232344,116693,10947,2002,House,64.54286857193652,-0.4857428068146703
ID,138038,256348,10637,2002,House,34.08152129632144,5.198629456253265
IL,1740541,1657183,31412,2002,House,50.757421111323666,-5.092280892977385
IN,640568,840694,40091,2002,House,42.10515245311246,-2.0895688489985034
IA,453550,546382,12690,2002,House,44.78966485026002,3.1227761240406338
KS,259911,536026,33953,2002,House,31.318728988179156,-0.2876498002978849
KY,350924,693860,49458,2002,House,32.07005397343549,-7.065272612924218
LA,448191,793667,82962,2002,House,33.83033166769825,3.9121253559505895
ME,289514,205780,0,2002,House,58.45295925248438,-7.744826145049139
MD,904250,752911,4757,2002,House,54.41002504335353,-0.6489754362070244
MA,1528634,290484,21753,2002,House,83.0386268239328,-0.7972323804976895
MI,1507174,1474178,74545,2002,House,49.32018323916022,-4.188889585219542
MN,1097911,1029612,74115,2002,House,49.86791652396988,-2.3461613476047205
MS,320157,338817,18662,2002,House,47.24616165611036,-3.019267456824018
MO,829177,985905,38481,2002,House,44.73422268355594,-4.110297969229265
MT,108233,214100,8988,2002,House,32.667111351227355,-13.608249590790507
NE,46843,386869,40102,2002,House,9.8863689126957,-16.182809840318264
NV,171160,301100,27648,2002,House,34.238299847171874,-4.183857212588485
NH,175905,254797,12741,2002,House,39.668006936629965,-3.2411780810815713
NJ,1030204,933964,41891,2002,House,51.35462117514989,0.07883377838397365
NM,262100,175342,82,2002,House,59.90528519578354,8.86973540462963
NY,1770651,1526771,524191,2002,House,46.332556436248254,-6.067505378530633
NC,970716,1209033,64400,2002,House,43.25541664123015,0.3170757533964874
ND,121073,109957,0,2002,House,52.40574817123317,-0.515227260926963
OH,1331614,1775555,50854,2002,House,42.166064021699654,-3.618688181081147
OK,391927,546832,63093,2002,House,39.12024929829955,8.136308846903475
OR,676920,528997,34398,2002,House,54.576458399680725,-0.30992370256635127
PA,1348665,1859270,102378,2002,House,40.74131358575458,-9.303775205240044
RI,224676,97137,6930,2002,House,68.34396473841268,3.9780128527082184
SC,345703,569537,70194,2002,House,35.08129413030198,-4.503688157559473
SD,153656,180023,3128,2002,House,45.62137960315552,20.73869083294574
TN,708290,770514,50505,2002,House,46.31438120092146,2.143235943589893
TX,1885178,2290723,119309,2002,House,43.89024052374622,-2.871567452947808
UT,221401,321986,13766,2002,House,39.73791759175666,-0.4328096795328449
VT,0,72813,152663,2002,House,0.0,-5.264569496693322
VA,440478,1007749,68255,2002,House,29.046042089520352,-14.744324214884475
WA,907440,778922,52754,2002,House,52.17823307933456,-0.11635421059987294
WV,264124,135505,320,2002,House,66.03942002605332,-6.525559831570419
WI,676925,889146,71475,2002,House,41.337770053482465,-6.0571692877174
WY,65961,110229,5962,2002,House,36.212064649303876,7.651267332147992
Total,33865154,37289707,2689665,2002,House,45.860073636331556,-0.9882997845372188
AL,708425,1079657,4677,2004,House,39.515908161665905,-0.45226654171570857
AK,67074,213216,19706,2004,House,22.358298110641474,5.075610658670893
AZ,597526,1127591,146328,2004,House,31.928589939859307,-7.600462303945115
AR,426380,357840,7020,2004,House,53.887568879227544,-3.0788225102731843
CA,6223698,5030821,369234,2004,House,53.54293058360755,2.1394220775517567
CO,995283,991835,51893,2004,House,48.81204662456455,6.619243114361055
CT,785747,629934,13057,2004,House,54.99587748068575,3.542186065768867
DE,105716,245978,4351,2004,House,29.691752447022147,2.9799904453146517
DC,202027,18296,890,2004,House,91.32691116706523,-1.6819087154922983
FL,2212324,3319296,95874,2004,House,39.31277403405494,-1.4970050799265806
GA,1140869,1819817,77,2004,House,38.53293897552759,-3.9021950089021615
HI,261884,148443,6243,2004,House,62.86674508485969,-1.6761234870768362
ID,171060,401366,0,2004,House,29.883338632417118,-4.198182663904323
IL,2675273,2271676,41716,2004,House,53.627032482638135,2.8696113713144697
IN,999082,1381699,35470,2004,House,41.34843606893489,-0.7567163841775724
IA,624620,822653,10888,2004,House,42.83614772305665,-1.9535171272033693
KS,386970,723794,45619,2004,House,33.463826431208346,2.14509744302919
KY,602085,1017379,15779,2004,House,36.81929841619869,4.7492444427631995
LA,728285,1068882,0,2004,House,40.524058142621136,6.693726474922883
ME,418380,283210,8586,2004,House,58.91215698643717,0.4591977339527844
MD,1310791,896232,48932,2004,House,58.103596924584046,3.6935718812305183
MA,2059984,435239,85732,2004,House,79.81479723590687,-3.2238295880259358
MI,2242435,2288594,100029,2004,House,48.42165656314389,-0.8985266760163313
MN,1399624,1236094,85963,2004,House,51.424983309947045,1.5570667859771632
MS,336240,658589,121374,2004,House,30.12355279460815,-17.12260886150221
MO,1192674,1429767,44582,2004,House,44.71929938361986,-0.014923299936079104
MT,145606,286076,12548,2004,House,32.77716498210386,0.11005363087650721
NE,230697,515115,19160,2004,House,30.15757439487981,20.271205482184108
NV,333912,420711,36810,2004,House,42.190810845643284,7.952510998471411
NH,243506,396024,12036,2004,House,37.37242274765718,-2.295584188972782
NJ,1721392,1514784,48419,2004,House,52.408044218541406,1.0534230433915184
NM,384900,357805,194,2004,House,51.81054221367911,-8.094742982104428
NY,3457124,2209291,556003,2004,House,55.5591732988687,9.226616862620446
NC,1669864,1743131,76,2004,House,48.92555707162259,5.670140430392443
ND,185130,125684,0,2004,House,59.56295404968888,7.157205878455706
OH,2514615,2650122,18771,2004,House,48.511837929062715,6.345773907363061
OK,389029,875033,110548,2004,House,28.301045387418977,-10.81920391088057
OR,951688,761545,59073,2004,House,53.69772488498036,-0.8787335147003645
PA,2478239,2565077,108958,2004,House,48.09990695370627,7.358593367951684
RI,279315,112958,9902,2004,House,69.4511095915957,1.1071448531830157
SC,486479,913168,39471,2004,House,33.80396881979101,-1.2773253105109674
SD,207837,178823,2808,2004,House,53.36433288485832,7.742953281702803
TN,1031959,1160821,25958,2004,House,46.51107972189596,0.19669852097450047
TX,2713968,4012534,232101,2004,House,39.001621446143716,-4.888619077602506
UT,361628,520403,26826,2004,House,39.789317791467745,0.05140019971108245
VT,21684,74271,209053,2004,House,7.109321722708913,7.109321722708913
VA,1023187,1817422,163398,2004,House,34.06073953888922,5.014697449368871
WA,1608751,1095493,25751,2004,House,58.92871598665932,6.750482907324759
WV,415396,303042,3218,2004,House,57.56149744476593,-8.477922581287388
WI,1368537,1380819,72257,2004,House,48.50193843025249,7.1641683767700215
WY,99989,132107,6938,2004,House,41.830450898198585,5.6183862488947085
Total,53254474,56027141,5132227,2004,House,46.54548179581278,0.6854081594812271
AL,502046,627501,10605,2006,House,44.03325170678997,4.5173435451240636
AK,93879,132743,8023,2006,House,40.00894968995717,17.650651579315696
AZ,627259,771246,94645,2006,House,42.009108261058834,10.080518321199527
AR,456569,306442,0,2006,House,59.837800503531405,5.950231624303861
CA,4720164,3314398,261254,2006,House,56.89812792376302,3.3551973401554704
CO,832888,623784,82236,2006,House,54.12201379159768,5.309967167033129
CT,642859,419895,11985,2006,House,59.81535982224522,4.819482341559471
DE,97565,143897,10232,2006,House,38.76333961079724,9.071587163775092
DC,111726,0,3051,2006,House,97.34180192895789,6.014890761892659
FL,1599968,2182833,69141,2006,House,41.53665865166194,2.2238846176069984
GA,932143,1138048,116,2006,House,45.02438527232918,6.491446296801584
HI,219810,118134,0,2006,House,65.04332078687594,2.176575702016251
ID,177376,248105,19825,2006,House,39.83238492182903,9.949046289411914
IL,1987114,1442969,23625,2006,House,57.53566891005262,3.9086364274144856
IN,812496,831785,22641,2006,House,48.74229268076131,7.393856611826422
IA,492937,522388,18363,2006,House,47.687213162966,4.851065439909355
KS,369191,459267,16669,2006,House,43.68467697754302,10.220850546334674
KY,601723,611780,40023,2006,House,48.002434732107666,11.183136315908975
LA,357926,579702,27034,2006,House,37.10377313504626,-3.4202850075748756
ME,350681,163155,22029,2006,House,65.4420423054314,6.529885318994232
MD,1099441,546862,54899,2006,House,64.62730469397519,6.5237077693911445
MA,1632307,198550,92800,2006,House,84.85436852827713,5.039571292370269
MI,1923485,1624865,100152,2006,House,52.71985598473017,4.2981994215862755
MN,1152621,924636,101717,2006,House,52.897418693385056,1.472435383438011
MS,260330,304308,36059,2006,House,43.33798903606977,13.214436241461623
MO,992258,1049346,55718,2006,House,47.31071337639142,2.5914139927715567
MT,158916,239124,8094,2006,House,39.12895743769298,6.35179245558912
NE,261910,334177,0,2006,House,43.938217072340116,13.780642677460307
NV,287879,260317,26631,2006,House,50.08098088642322,7.890170040779935
NH,209434,189615,3620,2006,House,52.01145357601404,14.639030828356859
NJ,1207784,903176,25882,2006,House,56.52191411438,4.113869895838597
NM,313124,247825,135,2006,House,55.80697364387507,3.9964314301959547
NY,2448964,1120966,565448,2006,House,59.219834317443286,3.6606610185745865
NC,1026915,913893,0,2006,House,52.91172542569898,3.9861683540763906
ND,142934,74687,0,2006,House,65.68024225603227,6.117288206343396
OH,2081737,1870390,9068,2006,House,52.55325728725801,4.041419358195299
OK,372888,518025,14281,2006,House,41.19426332918689,12.893217941767912
OR,765853,557491,34090,2006,House,56.41917028746886,2.7214454024884986
PA,2229091,1732163,52134,2006,House,55.541378007807864,7.441471054101598
RI,265028,41856,66498,2006,House,70.98039005629623,1.529280464700534
SC,461600,599615,24991,2006,House,42.496543013019625,8.692574193228616
SD,230468,97864,5230,2006,House,69.09300220049046,15.728669315632139
TN,860861,799547,55018,2006,House,50.183511267755065,3.672431545859105
TX,1890869,2111137,248168,2006,House,44.48921385336224,5.487592407218521
UT,244483,292235,32972,2006,House,42.91509417402447,3.1257763825567224
VT,139815,117023,5888,2006,House,53.21703980572916,46.107718083020245
VA,947103,1222790,127343,2006,House,41.22793652894174,7.167196990052517
WA,1244095,798005,11956,2006,House,60.56772551478635,1.6390095281270334
WV,263822,190893,98,2006,House,58.00669725799394,0.44519981322800817
WI,1003156,1040071,20186,2006,House,48.61634583091218,0.11440740065969379
WY,92324,93336,7709,2006,House,47.744984976909436,5.914534078710851
Total,42255280,35657353,2542040,2006,House,52.520603744172824,5.975121948360041
AL,718367,1120903,15998,2008,House,38.720389722670795,-5.3128619841191735
AK,142560,158939,15479,2008,House,44.97473010745225,4.965780417495083
AZ,1055305,1021798,78591,2008,House,48.95430427509656,6.945196014037727
AR,415481,215196,156516,2008,House,52.78006791218925,-7.057732591342152
CA,7377725,4515372,428982,2008,House,59.87402775132345,2.9758998275604327
CO,1259768,990870,33293,2008,House,55.157883491226315,1.035869699628634
CT,908761,504785,113853,2008,House,59.49728918245986,-0.3180706397853612
DE,146434,235437,3586,2008,House,37.989710914576726,-0.7736286962205128
DC,228376,0,19095,2008,House,92.28394438136186,-5.057857547596029
FL,3434831,3792167,194174,2008,House,46.28421225111074,4.7475535994488
GA,1858090,1796549,309,2008,House,50.83765897626997,5.813273703940794
HI,319956,82540,15335,2008,House,76.57545754144618,11.532136754570246
ID,259776,377464,612,2008,House,40.72668894978773,0.8943040279586967
IL,3176203,1961173,110819,2008,House,60.51991208405938,2.9842431740067568
IN,1388963,1240577,47310,2008,House,51.88796533238694,3.145672651625631
IA,759460,698241,25464,2008,House,51.20536150731713,3.5181483443511254
KS,470031,690005,48266,2008,House,38.900125961887014,-4.784551015656007
KY,761209,955182,33449,2008,House,43.501634435148354,-4.500800296959312
LA,398474,594306,53396,2008,House,38.08861988804943,0.9848467530031684
ME,431903,278198,0,2008,House,60.82275619947022,-4.61928610596118
MD,1677238,762539,58175,2008,House,67.14452479471183,2.517220100736637
MA,2245778,318461,40875,2008,House,86.20651533867616,1.3521468103990202
MI,2516640,2114293,179757,2008,House,52.313493490538775,-0.4063624941913915
MN,1612480,1069015,121119,2008,House,57.53485852850232,4.637439835117263
MS,731805,527330,5612,2008,House,57.861769982454994,14.523780946385223
MO,1413016,1313018,95450,2008,House,50.08059588500237,2.769882508610948
MT,155930,308470,16500,2008,House,32.424620503223125,-6.704336934469858
NE,264885,510513,0,2008,House,34.161166265582324,-9.777050806757792
NV,457320,383548,67386,2008,House,50.351553640281246,0.27057275385802626
NH,364767,294560,15648,2008,House,54.041557094707215,2.030103518693174
NJ,1911827,1461820,64333,2008,House,55.60902041314958,-0.9128937012304235
NM,457135,321083,36348,2008,House,56.12006884647776,0.31309520260268897
NY,3858024,1800093,732399,2008,House,60.37108740514851,1.1512530877052214
NC,2293971,1901517,19605,2008,House,54.422784977698,1.5110595519990184
ND,194577,119388,0,2008,House,61.974105393913334,-3.706136862118939
OH,2752111,2491498,130731,2008,House,51.208353025673844,-1.344904261584169
OK,503614,802530,30783,2008,House,37.66952122292391,-3.524742106262977
OR,1036171,435920,210418,2008,House,61.58487116562229,5.16570087815343
PA,3209168,2520805,61311,2008,House,55.41375625854301,-0.12762174926485415
RI,303670,118773,15789,2008,House,69.29434637361032,-1.6860436826859058
SC,919529,939703,14658,2008,House,49.07059645977085,6.574053446751222
SD,256041,122966,0,2008,House,67.55574435300667,-1.5372578474837866
TN,1195542,977677,128666,2008,House,51.937520771020274,1.754009503265209
TX,2979398,4203917,345307,2008,House,39.5742806585322,-4.914933194830034
UT,393761,503917,39161,2008,House,42.03080785492491,-0.8842863190995587
VT,248203,0,49948,2008,House,83.24741490050343,30.03037509477427
VA,1852788,1590687,51880,2008,House,53.007148057922585,11.779211528980845
WA,1725316,1189147,0,2008,House,59.198418370725584,-1.3693071440607696
WV,432075,213339,146,2008,House,66.93026209802342,8.923564840029478
WI,1383536,1274987,116651,2008,House,49.85402717090892,1.2376813399967403
WY,106758,131244,11393,2008,House,42.80679243769923,-4.938192539210206
Total,65028953,51958927,5971961,2008,House,52.886334652953884,0.3657309087810603
AL,418957,914445,34345,2010,House,30.631176672293925,-8.08921305037687
AK,77606,175384,1345,2010,House,30.51329938860165,-14.461430718850604
AZ,711837,900510,85798,2010,House,41.918505192430565,-7.035799082665996
AR,317975,435422,20728,2010,House,41.07540771839173,-11.704660193797523
CA,5148511,4195588,303774,2010,House,53.36420784145894,-6.509819909864511
CO,804069,886057,78341,2010,House,45.46700616975041,-9.690877321475902
CT,634947,457976,45279,2010,House,55.78508911423455,-3.7122000682253073
DE,173543,125442,6651,2010,House,56.78094203562407,18.791231121047346
DC,117990,8109,6557,2010,House,88.94433723314438,-3.339607148217482
FL,1853600,3004225,259595,2010,House,36.22137717834377,-10.062835072766966
GA,940347,1528142,191,2010,House,38.0910851143121,-12.74657386195787
HI,226430,129127,4564,2010,House,62.87608887012976,-13.69936867131642
ID,150884,263699,32561,2010,House,33.743939312615176,-6.982749637172553
IL,1876316,1720016,99827,2010,House,50.76394170272437,-9.755970381335011
IN,740342,1087586,103501,2010,House,38.33130806257957,-13.556657269807367
IA,479874,597414,29303,2010,House,43.365073455323596,-7.840288051993532
KS,274992,528136,32401,2010,House,32.9123226123809,-5.987803349506116
KY,506319,844369,3610,2010,House,37.38608489416657,-6.115549540981782
LA,311221,675386,49340,2010,House,30.04217397222059,-8.04644591582884
ME,316156,248170,42,2010,House,56.01947665353103,-4.803279545939191
MD,1104056,674246,47170,2010,House,60.480577078147455,-6.663947716564373
MA,1335738,808305,80212,2010,House,60.053276265536105,-26.15323907314005
MI,1415212,1671707,107982,2010,House,44.295957840321186,-8.017535650217589
MN,1002026,970741,117824,2010,House,47.930274262158406,-9.604584266343913
MS,350695,423579,14275,2010,House,44.473456944337,-13.388313038117992
MO,708064,1103290,109321,2010,House,36.86537285069051,-13.215223034311855
MT,121954,217696,20691,2010,House,33.84405327176203,1.419432768538904
NE,137524,327986,20036,2010,House,28.32357799261038,-5.837588272971942
NV,317835,357369,27584,2010,House,45.22487578046296,-5.126677859818287
NH,200563,230265,19697,2010,House,44.51761833416569,-9.523938760541526
NJ,1024730,1055299,41555,2010,House,48.30023227927813,-7.308788133871452
NM,308473,289217,0,2010,House,51.61086851043183,-4.509200336045929
NY,2452531,1647843,585376,2010,House,52.34020167529211,-8.0308857298564
NC,1204635,1440913,17001,2010,House,45.243674388715476,-9.179110588982525
ND,106542,129802,793,2010,House,44.92845907639887,-17.04564631751446
OH,1611112,2053075,161087,2010,House,42.11755811479125,-9.090794910882593
OK,221966,519562,51451,2010,House,27.99140960857728,-9.678111614346633
OR,733369,657007,38980,2010,House,51.30765183761078,-10.277219328011512
PA,1882202,2034145,40054,2010,House,47.573590240220845,-7.840166018322165
RI,185711,126951,22405,2010,House,55.42503439610586,-13.869311977504466
SC,537323,753932,48934,2010,House,40.09307642429538,-8.977520035475465
SD,146589,153703,19134,2010,House,45.89138016316768,-21.66436418983899
TN,541527,955078,62524,2010,House,34.73266163351461,-17.204859137505665
TX,1450197,3058228,237188,2010,House,30.558686517421457,-9.015594141110746
UT,218236,390969,31290,2010,House,34.07302164731965,-7.95778620760526
VT,154006,76403,8112,2010,House,64.56706118119578,-18.680353719307647
VA,911116,1186098,92627,2010,House,41.6064910648764,-11.400656993046184
WA,1296502,1135166,47741,2010,House,52.290767678910576,-6.907650691815007
WV,227857,283085,3431,2010,House,44.2980094211788,-22.632252676844622
WI,938690,1165761,36031,2010,House,43.8541412635098,-5.999885907399118
WY,45768,131661,9540,2010,House,24.478924313656275,-18.327868124042954
Total,39038317,44763085,3332746,2010,House,44.802546299069796,-8.083788353884088
AL,693498,1233624,6508,2012,House,35.86508277178157,5.233906099487648
AK,82927,185296,21581,2012,House,28.61485693779244,-1.8984424508092097
AZ,946994,1131663,94660,2012,House,43.573671029122764,1.6551658366921984
AR,304770,637591,95693,2012,House,29.359744290759444,-11.715663427632286
CA,7392703,4530012,281642,2012,House,60.57429326264383,7.2100854211848855
CO,1080454,1143796,226589,2012,House,44.08506637930929,-1.3819397904411233
CT,884398,490580,91533,2012,House,60.306264323963475,4.5211752097289235
DE,249933,129757,8369,2012,House,64.4059279645621,7.624985928938024
DC,246664,0,31899,2012,House,88.54873044876742,-0.39560678437696595
FL,3392402,3826522,294610,2012,House,45.15055099238254,8.92917381403877
GA,1448869,2104098,620,2012,House,40.772014305545355,2.680929191233254
HI,285008,137531,0,2012,House,67.45128852011294,4.575199649983176
ID,208297,406814,20107,2012,House,32.791419638612254,-0.9525196740029216
IL,2743702,2207818,106613,2012,House,54.24337398799122,3.479432285266853
IN,1142554,1351760,59432,2012,House,44.74031481596055,6.409006753380979
IA,772387,726505,37957,2012,House,50.25783274739418,6.892759292070586
KS,195505,740981,121253,2012,House,18.483293137532037,-14.42902947484886
KY,791342,1201674,43038,2012,House,38.866454426061395,1.480369531894823
LA,359190,1239614,203400,2012,House,19.93059609234027,-10.111577879880318
ME,427819,265982,0,2012,House,61.66307053463457,5.643593881103541
MD,1626872,858406,100236,2012,House,62.92257554977463,2.4419984716271728
MA,2080594,697637,113203,2012,House,71.95716727409305,11.903891008556947
MI,2487243,2238540,177986,2012,House,50.72104742291083,6.425089582589642
MN,1560984,1210409,41990,2012,House,55.48423374990181,7.5539594877434055
MS,411398,703635,93142,2012,House,34.05119291493368,-10.422264029403323
MO,1119554,1463586,92760,2012,House,41.83840950708173,4.973036656391216
MT,204939,255468,19333,2012,House,42.718764330679114,8.874711058917086
NE,276239,496276,0,2012,House,35.758399513278064,7.434821520667683
NV,453310,457239,63193,2012,House,46.553399155012315,1.3285233745493557
NH,340925,311636,29855,2012,House,49.9585296944972,5.440911360331512
NJ,1960820,1430386,61661,2012,House,56.78817052611641,8.487938246838283
NM,422189,323269,632,2012,House,56.586872897371634,4.976004386939806
NY,3904513,1949229,615983,2012,House,60.35052494503243,8.010323269740326
NC,2218357,2137167,28588,2012,House,50.599916243015684,5.356241854300208
ND,131869,173433,10769,2012,House,41.72132210800738,-3.207136968391495
OH,2412451,2620251,107613,2012,House,46.931968177047516,4.814410062256265
OK,410324,856872,58739,2012,House,30.946011682322283,2.9546020737450043
OR,949660,687839,70669,2012,House,55.59523419242135,4.287582354810574
PA,2793538,2710070,56987,2012,House,50.23811300769072,2.664522767469876
RI,232679,161926,33170,2012,House,54.392846706796796,-1.0321876893090618
SC,714191,1026129,62414,2012,House,39.61710379900751,-0.47597262528787354
SD,153789,207640,0,2012,House,42.55026575067302,-3.3411144124946617
TN,796513,1369562,117652,2012,House,34.87776778923225,0.14510615571764163
TX,2949900,4429270,285038,2012,House,38.489299872863576,7.930613355442119
UT,324309,647873,26715,2012,House,32.46671078199254,-1.60631086532711
VT,208600,67543,13788,2012,House,71.94815318127417,7.381092000078382
VA,1806025,1876761,57669,2012,House,48.28356443266929,6.677073367792886
WA,1852870,1511131,0,2012,House,55.07935342468685,2.788585745776274
WV,257101,384253,0,2012,House,40.087221721545355,-4.210787699633443
WI,1445015,1401995,19040,2012,House,50.41834580694684,6.564204543437036
WY,57573,166452,17596,2012,House,23.82781297983205,-0.6511113338242254
Total,60252696,58541130,5999289,2012,House,48.28206748425183,3.479521185182037
AL,331764,704533,44583,2014,House,30.69387906150544,-5.1712037102761315
AK,114602,142572,22567,2014,House,40.967180356115115,12.352323418322676
AZ,577947,817178,72492,2014,House,39.37996084809593,-4.193710181026837
AR,254774,509631,66247,2014,House,30.671568839899262,1.3118245491398177
CA,4067737,2950679,114005,2014,House,57.03164465473925,-3.5426486079045745
CO,936417,1000197,63911,2014,House,46.808562752277524,2.723496372968235
CT,596390,409513,61954,2014,House,55.84923824070077,-4.457026083262704
DE,137251,85146,9220,2014,House,59.2577401486074,-5.148187815954699
DC,143923,11673,16297,2014,House,83.72824955059251,-4.820480898174907
FL,2130626,2713451,154478,2014,House,42.62483857834914,-2.5257124140334
GA,956361,1349076,228,2014,House,41.47874908106772,0.7067347755223636
HI,235400,120084,4693,2014,House,65.35675515093968,-2.094533369173263
ID,160078,275072,7,2014,House,36.78626334863049,3.9948437100182375
IL,1822779,1721865,23358,2014,House,51.08682674505227,-3.1565472429389487
IN,502104,793759,44951,2014,House,37.44769968094008,-7.292615135020469
IA,509189,595865,15280,2014,House,45.449749806754056,-4.808082940640126
KS,311530,540756,9791,2014,House,36.13714320182536,17.653850064293323
KY,508151,887157,2318,2014,House,36.358153039511286,-2.5083013865501087
LA,551663,1157474,131266,2014,House,29.97511957978769,10.044523487447421
ME,305230,228059,59057,2014,House,51.529005007208625,-10.134065527425946
MD,978267,704400,20370,2014,House,57.44249831330735,-5.480077236467281
MA,1475442,308598,29776,2014,House,81.34463473693032,9.387467462837265
MI,1519030,1466749,103698,2014,House,49.16786886583069,-1.5531785570801375
MN,985760,913539,64240,2014,House,50.20322998422746,-5.281003765674349
MS,230014,329169,67096,2014,House,36.7270817000091,2.675888785075422
MO,513600,838283,74420,2014,House,36.00917897529487,-5.829230531786855
MT,148690,203871,15402,2014,House,40.408954161152074,-2.30981016952704
NE,185234,340816,9480,2014,House,34.588911919033485,-1.169487594244579
NV,210147,28053,304809,2014,House,38.70046352822881,-7.8529356267835055
NH,247469,232379,1072,2014,House,51.45741495467021,1.4988852601730116
NJ,1006958,940992,34690,2014,House,50.78874631804059,-5.999424208075823
NM,271222,240542,121,2014,House,52.98494779100774,-3.6019251063638933
NY,1788105,1257412,606190,2014,House,48.96627796260763,-11.384246982424806
NC,1361695,1596942,18607,2014,House,45.7367619180692,-4.8631543249464855
ND,95678,138100,14892,2014,House,38.4758917440785,-3.2454303639288753
OH,1179587,1770923,49651,2014,House,39.31745662982753,-7.614511547219983
OK,174022,457613,21778,2014,House,26.63277284045466,-4.313238841867623
OR,778139,582909,89654,2014,House,53.638790047852694,-1.956444144568657
PA,1467594,1833205,28404,2014,House,44.08244255456937,-6.155670453121353
RI,192776,122721,760,2014,House,60.955488732265216,6.562642025468421
SC,377025,734456,44301,2014,House,32.620771045058675,-6.996332753948835
SD,92485,183834,0,2014,House,33.47037301090406,-9.079892739768958
TN,448421,848846,73894,2014,House,32.70374522029142,-2.174022568940835
TX,1474016,2684592,294891,2014,House,33.09793041381619,-5.3913694590473895
UT,183491,351034,31445,2014,House,32.42062300121915,-0.04608778077339082
VT,123349,59432,8723,2014,House,64.41066505138274,-7.537488129891429
VA,937175,1292588,146881,2014,House,39.43270426702527,-8.850860165644015
WA,1047747,981853,0,2014,House,51.62332479306267,-3.4560286316241786
WV,182484,242823,14081,2014,House,41.531402769306396,1.4441810477610417
WI,1102581,1233336,19663,2014,House,46.80719822718821,-3.6111475797586294
WY,37803,113038,14259,2014,House,22.897032101756512,-0.930780878075538
Total,36025716,40068014,3125447,2014,House,45.47600387214323,-2.806063612108602
AL,621911,1222018,45756,2016,House,32.9108290535195,2.216949992014058
AK,111019,155088,42091,2016,House,36.02197288755929,-4.945207468555822
AZ,1034687,1264378,112999,2016,House,42.896332767289756,3.51637191919383
AR,111347,760415,196815,2016,House,10.420119467291547,-20.251449372607716
CA,8624432,4682033,107553,2016,House,64.29417345347233,7.262528798733072
CO,1263791,1288618,149152,2016,House,46.780028287349424,-0.02853446492810008
CT,916815,558162,100206,2016,House,58.20371347329167,2.3544752325909
DE,233554,172301,14785,2016,House,55.52348801825789,-3.7342521303495033
DC,265178,0,35728,2016,House,88.12652456248796,4.39827501189545
FL,3985050,4733630,118746,2016,House,45.092881117194075,2.4680425388449336
GA,1498437,2272460,1965,2016,House,39.71618893031338,-1.7625601507543394
HI,460805,129716,20743,2016,House,75.38559444037274,10.028839289433066
ID,208992,447544,25058,2016,House,30.662241745085783,-6.124021603544708
IL,2810536,2397436,33795,2016,House,53.618102445225055,2.5312757001727846
IN,1052901,1442989,162477,2016,House,39.607059521879414,2.159359840939331
IA,673969,813153,28433,2016,House,44.47011160927845,-0.9796381974756088
KS,317635,694240,161861,2016,House,27.06187762835936,-9.075265573466002
KY,597717,1457950,332,2016,House,29.07185266140694,-7.286300378104347
LA,610643,1424567,41428,2016,House,29.405365788355986,-0.5697537914317046
ME,386627,357447,500,2016,House,51.92593348679916,0.39692847959053523
MD,1636200,962088,109457,2016,House,60.42666499245682,2.9841666791494745
MA,2344518,451121,145049,2016,House,79.72685303575217,-1.6177817011781457
MI,2193980,2243402,233523,2016,House,46.97119723051529,-2.196671635315404
MN,1434590,1334686,91156,2016,House,50.15291396544298,-0.05031601878448555
MS,449896,680810,51567,2016,House,38.05347834214264,1.3263966421335383
MO,1041306,1600524,108249,2016,House,37.86458498101327,1.8554060057184003
MT,205919,285358,16554,2016,House,40.548725855648826,0.1397716944967513
NE,221069,557557,9640,2016,House,28.04497466591227,-6.543937253121214
NV,508113,498104,72280,2016,House,47.11306568307561,8.412602154846802
NH,336575,316149,76216,2016,House,46.17321041512333,-5.284204539546884
NJ,1821620,1541631,87897,2016,House,52.783015970337985,1.9942696522973975
NM,436932,343124,70,2016,House,56.0078756508564,3.0229278598486573
NY,4202198,2140911,773313,2016,House,59.049308767804945,10.083030805197318
NC,2142661,2447326,8471,2016,House,46.59520648008528,0.8584445620160821
ND,80377,233980,24102,2016,House,23.74792810946082,-14.727963634617684
OH,2154523,2996017,67815,2016,House,41.28739804018699,1.9699414103594606
OK,305222,781691,46331,2016,House,26.933475932808822,0.30070309235416204
OR,1026851,809048,75966,2016,House,53.70938847669684,0.0705984288441428
PA,2905596,3126237,40832,2016,House,47.8471313665417,3.7646888119723343
RI,263648,141324,26553,2016,House,61.09680783268641,0.14131910042119245
SC,778125,1193711,67626,2016,House,38.15344438876527,5.532673343706598
SD,132810,237163,0,2016,House,35.89721412103045,2.4268411101263894
TN,814181,1493740,83140,2016,House,34.051034247976105,1.3472890276846883
TX,3160535,4877605,490386,2016,House,37.058396726468324,3.9604663126521373
UT,356290,710656,47224,2016,House,31.978064388737803,-0.44255861248134565
VT,264414,0,30920,2016,House,89.53049767382015,25.119832622437414
VA,1859426,1843010,79812,2016,House,49.1619269809912,9.729222713965925
WA,1736145,1404890,0,2016,House,55.27302306405373,3.6496982709910597
WV,224449,445017,16883,2016,House,32.70187615921346,-8.829526610092934
WI,1379996,1270279,123387,2016,House,49.75357487682349,2.9463766496352832
WY,75466,156176,20134,2016,House,29.973468479918658,7.076436378162146
Total,62315293,63422020,5915145,2016,House,47.33317854194564,1.8571746698024114
AL,678687,975737,5471,2018,House,40.887345283888436,7.9765162303689365
AK,131199,149779,1188,2018,House,46.49709745327218,10.475124565712889
AZ,1179193,1139251,22826,2018,House,50.36552811081165,7.469195343521896
AR,312978,556339,19981,2018,House,35.19382704110433,24.77370757381278
CA,8010445,3973396,200681,2018,House,65.7427923721587,1.4486189186863783
CO,1343211,1079772,90923,2018,House,53.43123410342312,6.651205816073698
CT,808652,512495,58661,2018,House,58.60612491013243,0.4024114368407581
DE,227353,125384,1077,2018,House,64.25777385858106,8.734285840323167
DC,199124,9700,19945,2018,House,87.04151349177555,-1.0850110707124117
FL,3307228,3675417,38831,2018,House,47.10160655679803,2.008725439603957
GA,1814469,1987191,683,2018,House,47.719761210390544,8.003572280077165
HI,287921,87348,7063,2018,House,75.30653986587573,-0.07905457449700748
ID,207303,367993,20428,2018,House,34.79849729069166,4.136255545605874
IL,2757540,1754449,27715,2018,House,60.74272683857802,7.124624393352967
IN,1000104,1247978,8067,2018,House,44.32792337740105,4.720863855521635
IA,664676,612338,39634,2018,House,50.482437219363106,6.012325610084659
KS,464380,563190,22752,2018,House,44.213107980219405,17.151230351860047
KY,612977,935304,21517,2018,House,39.04814504796158,9.976292386554643
LA,553184,835715,71694,2018,House,37.87393202623866,8.468566237882676
ME,333208,245372,53097,2018,House,52.74974393558733,0.8238104487881728
MD,1493047,737906,55331,2018,House,65.30452909612279,4.877864103665971
MA,1943597,497953,43531,2018,House,78.21060963405218,-1.5162434016999953
MI,2344333,1853459,151904,2018,House,53.89647920222471,6.925281971709424
MN,1420769,1125533,30694,2018,House,55.132759228186615,4.979845262743638
MS,398770,471162,68971,2018,House,42.471906043542305,4.418427701399665
MO,1027969,1330975,59469,2018,House,42.50593260952534,4.641347628512065
MT,233284,256661,14476,2018,House,46.24787627795036,5.6991504223015355
NE,264493,432077,0,2018,House,37.970771063927536,9.925796398015265
NV,491272,439727,29775,2018,House,51.13294073320053,4.0198750501249165
NH,311242,248986,10516,2018,House,54.53268015082068,8.359469735697353
NJ,1856819,1198664,43260,2018,House,59.92168437330879,7.138668402970808
NM,404026,264701,24584,2018,House,58.2748578920571,2.266982241200701
NY,3899563,1726318,578502,2018,House,62.85174529038584,3.802436522580898
NC,1771061,1846041,46224,2018,House,48.3457109741257,1.7505044940404204
ND,114377,193568,13587,2018,House,35.572509112623315,11.824581003162496
OH,2084854,2295373,32341,2018,House,47.24808773485191,5.960689694664914
OK,428452,730531,19853,2018,House,36.34534405125056,9.411868118441735
OR,1061412,702531,83703,2018,House,57.44671868961911,3.7373302129222736
PA,3016286,2488357,37724,2018,House,54.42234337783839,6.575212011296685
RI,242575,129838,867,2018,House,64.98472996142306,3.8879221287366477
SC,758340,927494,23458,2018,House,44.36573739302588,6.212293004260609
SD,121033,202695,12237,2018,House,36.025478844522496,0.12826472349204465
TN,846450,1279655,33720,2018,House,39.19067517044205,5.139640922465944
TX,3852752,4135359,214597,2018,House,46.96926917305846,9.910872446590133
UT,374009,617307,61190,2018,House,35.535094336754376,3.5570299480165737
VT,188547,70705,13199,2018,House,69.20400365570323,-20.326494018116918
VA,1867061,1408701,37449,2018,House,56.35201017985272,7.190083198861522
WA,1888593,899744,233614,2018,House,62.495818098969835,7.222795034916103
WV,234568,337146,6277,2018,House,40.583330882314776,7.881454723101314
WI,1367492,1121043,83120,2018,House,53.175562040786964,3.421987163963472
WY,59903,127963,13379,2018,House,29.766205371562027,-0.20726310835663142
Total,61296952,50960112,2820406,2018,House,53.265814759396434,5.932636217450792
